# Blender 5.0.1
# www.blender.org
mtllib Longsword.mtl
o mesh_input
v 0.189227 -0.039325 0.272993
v 0.189227 -0.054524 0.263956
v 0.210707 -0.038519 0.271215
v 0.171653 -0.050325 0.259428
v 0.189227 -0.022513 0.278474
v 0.169700 -0.036906 0.267658
v 0.210707 -0.022678 0.274111
v 0.208754 -0.051938 0.262984
v 0.189227 -0.065525 0.250390
v 0.173605 -0.060355 0.248447
v 0.171653 -0.021872 0.272332
v 0.208754 -0.005225 0.273449
v 0.191180 -0.004253 0.276035
v 0.228282 -0.034486 0.262323
v 0.226329 -0.021231 0.266190
v 0.206802 -0.062940 0.249419
v 0.224376 -0.047906 0.254093
v 0.157983 -0.046293 0.250535
v 0.156031 -0.032873 0.258766
v 0.224376 -0.006363 0.266501
v 0.161889 -0.056157 0.243918
v 0.173605 -0.004418 0.271671
v 0.157983 -0.019618 0.262633
v 0.208754 -0.066992 0.234715
v 0.191180 -0.070549 0.233102
v 0.191180 0.012063 0.268424
v 0.173605 0.010119 0.263255
v 0.220471 -0.057770 0.247475
v 0.224376 -0.059072 0.236163
v 0.238045 -0.030618 0.249068
v 0.236092 -0.015585 0.253742
v 0.173605 -0.066186 0.232937
v 0.208754 0.011091 0.265840
v 0.234140 -0.046624 0.241809
v 0.224376 0.005590 0.259056
v 0.152125 -0.045011 0.238252
v 0.146267 -0.029005 0.245511
v 0.161889 -0.005556 0.264722
v 0.157983 0.004619 0.256472
v 0.157983 -0.056653 0.230828
v 0.150173 -0.012193 0.250991
v 0.212660 -0.067654 0.217262
v 0.191180 -0.068626 0.214678
v 0.228282 -0.056983 0.222101
v 0.171653 -0.064262 0.214512
v 0.191180 0.025463 0.253060
v 0.171653 0.022714 0.249669
v 0.238045 -0.041950 0.226776
v 0.243903 -0.025138 0.232256
v 0.239998 -0.007354 0.240321
v 0.212660 0.021907 0.251447
v 0.228282 0.013015 0.247414
v 0.146267 -0.039530 0.221440
v 0.142362 -0.022718 0.226921
v 0.156031 -0.054563 0.216766
v 0.156031 0.013821 0.245636
v 0.146267 -0.004935 0.234986
v 0.226329 -0.050531 0.207875
v 0.212660 -0.057810 0.200285
v 0.238045 -0.037276 0.211742
v 0.193133 -0.060560 0.196893
v 0.241951 -0.017879 0.216250
v 0.175558 -0.057003 0.198506
v 0.239998 -0.000902 0.226094
v 0.226329 0.016882 0.234159
v 0.159936 -0.048918 0.204318
v 0.193133 0.031750 0.234470
v 0.173605 0.028193 0.232857
v 0.212660 0.027387 0.234636
v 0.150173 -0.034856 0.206407
v 0.157983 0.018495 0.230603
v 0.148220 0.002324 0.218980
v 0.146267 -0.015459 0.210915
v 0.230234 -0.029046 0.198321
v 0.224376 -0.043914 0.198010
v 0.234140 -0.012233 0.203802
v 0.179463 -0.046023 0.188477
v 0.163842 -0.042301 0.194454
v 0.208754 -0.046829 0.190256
v 0.224376 0.018164 0.221876
v 0.208754 0.025919 0.218961
v 0.232187 0.003772 0.211060
v 0.195085 -0.049579 0.186864
v 0.157983 -0.027433 0.194765
v 0.161889 0.019778 0.218319
v 0.157983 0.006191 0.205725
v 0.193133 0.029311 0.216210
v 0.177511 0.026726 0.217182
v 0.154078 -0.009814 0.198467
v 0.216565 -0.036324 0.190732
v 0.181416 -0.098067 -0.008802
v 0.214612 -0.098873 -0.007024
v 0.226329 -0.013536 0.192491
v 0.171653 0.012975 0.200225
v 0.161889 -0.096288 -0.007996
v 0.171653 -0.034711 0.187175
v 0.154078 -0.062148 0.039650
v 0.214612 0.012168 0.202003
v 0.232187 -0.004849 0.144970
v 0.228282 -0.021827 0.135127
v 0.226329 -0.035909 0.109442
v 0.224376 -0.090147 -0.007355
v 0.183369 0.017337 0.200060
v 0.161889 -0.011922 0.188933
v 0.146267 -0.028669 0.069843
v 0.212660 0.089264 0.022553
v 0.226329 0.010825 0.143503
v 0.224376 0.037751 0.069948
v 0.144314 -0.005716 0.075963
v 0.161889 0.084902 0.022717
v 0.148220 0.032251 0.063164
v 0.238045 -0.005180 0.136244
v 0.234140 -0.020379 0.127206
v 0.236092 -0.036073 0.105080
v 0.234140 0.008716 0.133969
v 0.234140 0.020339 0.117798
v 0.226329 0.021310 0.120383
v 0.257572 -0.004869 0.121375
v 0.253667 -0.016511 0.113951
v 0.251714 -0.026706 0.098607
v 1.272989 -0.006152 0.133659
v 1.272989 0.003547 0.135913
v 1.230029 0.004188 0.129771
v 1.499707 -0.014231 0.012672
v 1.230029 -0.005511 0.127517
v 1.230029 -0.024451 0.088908
v 1.272989 -0.027843 0.091659
v 1.230029 0.005635 0.121851
v 1.272989 0.005801 0.126214
v 1.499505 -0.011587 0.013265
v 0.253667 0.008221 0.120879
v 1.190974 0.004022 0.125407
v 1.190974 -0.006482 0.124932
v 1.190974 -0.026561 0.079376
v 0.310296 -0.004869 0.121375
v 0.310296 -0.016511 0.113951
v 1.190974 0.005470 0.117488
v 0.226329 -0.059233 0.047405
v 0.224376 -0.068932 0.045151
v 0.310296 0.008221 0.120879
v 1.230029 0.016907 0.073359
v 1.272989 0.020464 0.074972
v 1.499505 -0.009974 0.009709
v 0.292721 -0.043373 0.073894
v 0.251714 -0.056007 0.040291
v 0.310296 -0.024782 0.080182
v 0.310296 -0.034004 0.067423
v 1.190974 0.017548 0.067218
v 0.310296 0.011447 0.113765
v -0.308717 -0.042712 0.091348
v -0.285285 -0.042712 0.091348
v -0.308717 -0.014753 0.091163
v -0.289190 -0.063741 0.066802
v -0.334103 -0.042876 0.086985
v -0.308717 -0.064547 0.068580
v -0.332150 -0.013140 0.087606
v -0.263806 -0.042070 0.085207
v -0.287237 -0.014753 0.091163
v -0.271616 -0.061321 0.061467
v 0.251714 0.032582 0.071891
v -0.326292 -0.062934 0.065023
v -0.355583 -0.040622 0.077286
v -0.351677 -0.010886 0.077908
v -0.265758 -0.014112 0.085021
v -0.244278 -0.039009 0.073730
v -0.255994 -0.059067 0.051768
v 1.230029 -0.029952 0.082125
v 1.272989 -0.033343 0.084876
v 1.443223 -0.027915 0.013391
v 1.272989 -0.045978 0.051272
v -0.293096 -0.060370 0.040457
v -0.320434 -0.058592 0.041263
v -0.308717 0.015314 0.100510
v -0.334103 0.015956 0.094369
v -0.285285 0.013536 0.099704
v -0.345819 -0.060680 0.055325
v -0.371205 -0.008797 0.063846
v -0.373157 -0.035948 0.062253
v 1.190974 -0.042420 0.052885
v 1.230029 -0.042420 0.052885
v -0.355583 0.018209 0.084671
v -0.306765 0.039219 0.085623
v -0.326292 0.040832 0.082065
v -0.263805 0.014984 0.091784
v -0.289190 0.040026 0.083844
v 0.351303 -0.042586 0.048522
v 0.349350 -0.053091 0.048046
v -0.246230 -0.012829 0.072738
v -0.242325 -0.057785 0.039484
v -0.226703 -0.037892 0.057083
v -0.343866 0.043086 0.072367
v -0.242325 0.016265 0.079500
v -0.271616 0.039861 0.079480
v -0.373157 0.020298 0.070608
v -0.359488 -0.059398 0.043041
v -0.386826 -0.033218 0.042049
v -0.382921 -0.004288 0.044449
v -0.271616 -0.057309 0.028979
v -0.230608 -0.010741 0.058676
v 0.140409 -0.026250 0.064508
v 0.148220 -0.027056 0.066285
v 0.140409 -0.006853 0.069016
v 0.140409 0.013186 0.067382
v 0.140409 -0.042420 0.052885
v 0.150173 -0.043227 0.054664
v -0.357536 0.044369 0.060084
v 0.095496 -0.026250 0.064508
v 0.095496 -0.042420 0.052885
v 0.087685 -0.023830 0.059172
v 0.095496 -0.006853 0.069016
v 0.087685 -0.006212 0.062874
v 0.288816 -0.061051 -0.000592
v 0.286863 -0.069137 -0.006403
v 0.286863 -0.067999 0.000545
v -0.232561 -0.056668 0.022838
v -0.218892 -0.034997 0.041243
v -0.220845 -0.043413 0.026705
v 0.081827 -0.025443 0.062729
v 0.019340 -0.024637 0.060950
v 0.081827 -0.041614 0.051107
v 0.081827 -0.006046 0.067237
v 0.087685 -0.038223 0.048356
v 0.148220 -0.056979 0.037706
v -0.226703 0.017383 0.062854
v -0.255994 0.042115 0.069782
v 0.019340 -0.040807 0.049329
v 0.019340 -0.005240 0.065459
v 0.013482 -0.023024 0.057394
v 0.013482 -0.005406 0.061095
v 0.095496 -0.054393 0.036734
v 0.095496 0.013186 0.067382
v 0.087685 0.011241 0.062213
v 0.140409 -0.054393 0.036734
v 0.351303 -0.051643 0.040126
v 0.312249 -0.056668 0.022838
v 1.230029 -0.047610 0.031234
v 0.351303 -0.040332 0.038823
v 1.190974 -0.042110 0.038017
v 1.272989 -0.053111 0.024451
v -0.339961 -0.056502 0.027202
v -0.369252 -0.056502 0.027202
v 0.007624 -0.023830 0.059172
v -0.031431 -0.023024 0.057394
v -0.031431 -0.037416 0.046578
v -0.031431 -0.005406 0.061095
v 0.007624 -0.040807 0.049329
v 0.013482 -0.037416 0.046578
v 0.007624 -0.005240 0.065459
v 0.019340 -0.051002 0.033984
v 0.087685 -0.051002 0.033984
v 0.081827 -0.053587 0.034956
v 0.019340 0.013020 0.063019
v 0.081827 0.013992 0.065605
v -0.386826 0.023029 0.050405
v -0.293096 -0.051643 0.040126
v -0.318481 -0.049865 0.040932
v -0.306765 0.043397 0.057498
v -0.271616 -0.050361 0.027843
v -0.062674 -0.023024 0.057394
v -0.062674 -0.005406 0.061095
v -0.072438 -0.022217 0.055615
v -0.072438 -0.036610 0.044799
v -0.062674 -0.037416 0.046578
v -0.058769 -0.021410 0.053837
v -0.058769 -0.003793 0.057539
v -0.058769 -0.035803 0.043021
v -0.031431 -0.047610 0.031234
v 0.013482 -0.047610 0.031234
v 0.007624 -0.050195 0.032206
v -0.031431 0.012854 0.058656
v 0.007624 0.013827 0.061241
v 0.013482 0.012854 0.058656
v -0.281379 0.044039 0.051357
v -0.259899 -0.055550 0.006191
v -0.127114 -0.021410 0.053837
v -0.127114 -0.035803 0.043021
v -0.127114 -0.003793 0.057539
v -0.072438 -0.004599 0.059317
v 1.230029 0.020133 0.066246
v 1.272989 0.024496 0.066080
v 1.444828 0.005701 0.008241
v -0.332150 0.045652 0.047801
v -0.312623 -0.060224 0.021225
v -0.338008 -0.045997 0.027677
v -0.324339 -0.056191 0.012333
v -0.298954 -0.059418 0.019446
v -0.220845 -0.019798 0.050280
v -0.136878 -0.019798 0.050280
v -0.136878 -0.032412 0.040271
v -0.072438 -0.046804 0.029456
v -0.064627 -0.049389 0.030428
v -0.064627 0.012854 0.058656
v -0.058769 0.012689 0.054292
v -0.058769 -0.044219 0.028483
v 0.148220 -0.062975 0.017833
v -0.367299 0.047265 0.044243
v -0.142736 -0.020604 0.052058
v -0.181790 -0.019798 0.050280
v -0.142736 -0.035803 0.043021
v -0.142736 -0.003793 0.057539
v -0.127114 -0.044219 0.028483
v -0.127114 0.012689 0.054292
v -0.072438 0.013661 0.056878
v 0.140409 -0.060390 0.016862
v 0.095496 -0.060390 0.016862
v 0.140409 0.030308 0.057995
v 0.087685 0.028364 0.052825
v 0.095496 0.030308 0.057995
v -0.213034 -0.019798 0.050280
v -0.213034 -0.003151 0.051398
v -0.220845 -0.003151 0.051398
v -0.213034 -0.032412 0.040271
v -0.181790 -0.003957 0.053175
v -0.181790 -0.032412 0.040271
v -0.181790 -0.041634 0.027511
v -0.136878 -0.040828 0.025734
v -0.142736 -0.043413 0.026705
v -0.136878 -0.003957 0.053176
v -0.181790 0.011718 0.051708
v -0.142736 0.013495 0.052514
v 0.019340 -0.055220 0.014917
v 0.087685 -0.055220 0.014917
v 0.081827 -0.057805 0.015890
v 0.081827 0.031114 0.056217
v 0.351303 0.017383 0.062854
v 0.312249 0.029336 0.055410
v 1.230029 0.022222 0.052184
v 1.190974 0.009298 0.057044
v -0.394637 -0.028875 0.018289
v -0.390732 -0.000751 0.022467
v 0.013482 0.029170 0.051046
v 0.019340 0.030142 0.053631
v 0.288816 0.049995 0.024040
v 0.310296 0.034175 0.044740
v 0.351303 -0.029992 0.034936
v 1.230029 -0.038242 0.024762
v 1.190974 -0.031771 0.034129
v 1.272989 0.031900 0.030843
v -0.259899 -0.046824 0.005861
v -0.218892 0.012524 0.049930
v -0.242325 0.044204 0.055721
v -0.213034 -0.040828 0.025734
v -0.136878 0.012524 0.049930
v -0.031431 -0.051829 0.012168
v 0.013482 -0.052635 0.013945
v 0.007624 -0.054414 0.013139
v 0.007624 0.030949 0.051853
v 0.351303 0.007519 0.056237
v 0.310296 0.012359 0.045566
v -0.349725 -0.052966 0.005220
v -0.375111 -0.052801 0.009582
v -0.213034 0.012524 0.049930
v -0.072438 -0.049243 0.011196
v -0.064627 -0.051829 0.012168
v -0.064627 0.028199 0.048462
v -0.058769 0.027227 0.045877
v -0.058769 -0.047465 0.012002
v -0.031431 0.028199 0.048462
v 0.224376 0.046478 0.069617
v 0.351303 0.013787 0.014051
v 1.230029 0.009773 0.046538
v 1.230029 0.012504 0.026335
v 1.190974 0.013787 0.014051
v 1.230029 -0.046494 0.014587
v -0.287237 -0.058777 0.013305
v -0.127114 -0.049243 0.011196
v -0.072438 0.029005 0.046683
v -0.330197 -0.054910 0.000049
v -0.347772 -0.042461 0.005695
v -0.304812 -0.061217 -0.004955
v -0.228656 -0.054744 0.004413
v -0.259899 -0.051207 -0.017568
v -0.136878 -0.043102 0.011837
v -0.127114 0.027227 0.045877
v 0.140409 0.043708 0.042630
v 0.150173 0.058721 0.023710
v 0.286863 0.059528 0.021931
v 0.320060 -0.032267 0.021040
v 0.320060 -0.054414 0.013139
v 1.190974 -0.031645 -0.008697
v 0.320060 -0.032597 0.012313
v 0.351303 -0.029866 -0.007890
v 1.230029 -0.031460 0.019261
v 1.230029 -0.044404 0.000526
v 1.272989 -0.049099 -0.008035
v -0.394637 0.026565 0.028423
v -0.218892 -0.046658 0.010224
v -0.181790 -0.044880 0.011030
v -0.213034 -0.044880 0.011030
v -0.142736 0.028033 0.044098
v -0.181790 0.026255 0.043291
v -0.142736 -0.046658 0.010224
v 0.148220 -0.063801 -0.003983
v -0.213034 0.025283 0.040707
v -0.218892 0.025283 0.040707
v -0.136878 0.026255 0.043291
v 0.095496 -0.057659 -0.003342
v 0.095496 0.043708 0.042630
v 0.087685 0.040958 0.039240
v 0.140409 -0.059438 -0.004149
v 0.019340 -0.053297 -0.003507
v 0.087685 -0.053297 -0.003507
v 0.081827 -0.055074 -0.004313
v 0.081827 0.044514 0.040852
v 1.230029 0.024787 0.027617
v -0.373157 0.050160 0.028404
v -0.279427 -0.056687 -0.000757
v 0.013482 0.039986 0.036654
v 0.019340 0.042736 0.040046
v 0.310296 0.012834 0.035061
v -0.281379 0.036926 0.048131
v -0.306765 0.037090 0.052494
v 0.013482 -0.048933 -0.003672
v -0.031431 -0.048933 -0.003672
v 0.007624 -0.052490 -0.005286
v 0.007624 0.043542 0.038267
v 0.183369 -0.024527 -0.189867
v 0.206802 -0.022748 -0.189060
v 0.288816 -0.060575 -0.011097
v 0.351303 -0.051848 -0.011427
v -0.304812 0.053076 0.036158
v -0.330197 0.036760 0.043768
v -0.320434 0.052911 0.031795
v -0.263805 0.047741 0.033739
v -0.232561 0.046128 0.037295
v -0.072438 -0.048126 -0.005451
v -0.062674 -0.049905 -0.006258
v -0.062674 0.040793 0.034876
v -0.058769 0.037235 0.033262
v -0.058769 -0.046348 -0.004645
v -0.031431 0.039986 0.036654
v 0.154078 -0.085948 -0.011883
v 0.173605 -0.020163 -0.190031
v 1.230029 -0.031315 0.000030
v -0.396590 -0.024531 -0.005470
v -0.377064 -0.050070 -0.010621
v -0.127114 -0.045542 -0.006422
v -0.136878 -0.041985 -0.004809
v -0.072438 0.039014 0.034069
v -0.127114 0.039820 0.032291
v 0.224376 -0.048167 -0.052641
v 0.224376 -0.018160 -0.114077
v 0.214612 -0.014828 -0.187612
v -0.392685 0.003592 -0.001293
v -0.265758 0.039820 0.032291
v -0.291143 0.052104 0.033574
v -0.261852 -0.042480 -0.017900
v -0.220845 -0.043764 -0.005616
v -0.228656 -0.050235 -0.014984
v -0.213034 -0.043764 -0.005616
v -0.181790 -0.043764 -0.005616
v -0.142736 0.038042 0.031485
v -0.181790 0.036264 0.030678
v -0.142736 -0.043764 -0.005616
v -0.136878 0.036264 0.030678
v -0.347772 -0.048622 -0.018540
v -0.213034 0.035292 0.028093
v -0.230608 0.048051 0.018871
v -0.220845 0.035292 0.028093
v 0.351303 0.037546 0.018394
v 0.298580 0.048051 0.018871
v -0.345819 0.049188 0.025819
v -0.328245 0.054193 0.019512
v -0.343866 0.041268 0.024371
v 0.148220 -0.033133 -0.047966
v 0.152125 -0.006187 -0.097926
v 0.351303 -0.039565 -0.010145
v -0.328245 -0.052820 -0.014012
v -0.345819 -0.038117 -0.018065
v -0.279427 -0.054599 -0.014819
v 0.148220 -0.054929 -0.023545
v 1.443021 -0.028021 0.010592
v 1.503757 -0.014991 0.008532
v -0.396590 0.030909 0.004664
v -0.318481 -0.049760 -0.025489
v -0.289190 -0.051538 -0.026295
v -0.304812 -0.049925 -0.029853
v 0.140409 -0.051373 -0.021932
v 0.095496 -0.050566 -0.023711
v 0.140409 0.051773 0.024847
v 0.087685 0.049024 0.021455
v 0.095496 0.052580 0.023068
v 1.442876 -0.026621 0.008591
v 1.272989 -0.040577 -0.059919
v 0.081827 -0.047009 -0.022098
v 0.021293 -0.044425 -0.023069
v 0.021293 0.051608 0.020484
v 0.013482 0.048051 0.018871
v 0.087685 -0.045231 -0.021292
v 0.081827 0.052580 0.023068
v 1.230029 -0.043122 -0.011758
v 1.190974 -0.041344 -0.010952
v 1.503410 -0.012083 0.000175
v 0.007624 -0.044425 -0.023069
v -0.029478 -0.040868 -0.021456
v -0.029478 0.048051 0.018871
v -0.058769 0.044494 0.017257
v 0.013482 -0.040868 -0.021456
v 0.007624 0.051608 0.020484
v -0.375111 0.053863 0.010785
v -0.259899 0.052084 0.009978
v -0.062674 -0.042646 -0.022263
v -0.072438 -0.040868 -0.021456
v -0.072438 0.046273 0.018064
v -0.127114 0.046273 0.018064
v -0.058769 -0.039090 -0.020650
v -0.062674 0.048051 0.018871
v 0.312249 -0.047340 -0.030824
v 0.251714 -0.026205 -0.072699
v 0.226329 -0.046388 -0.051834
v 0.234140 -0.029120 -0.080453
v 1.272989 0.036720 -0.003422
v 1.190974 0.025098 0.012749
v 1.230029 0.031384 -0.005842
v -0.279427 0.054359 0.023875
v -0.259899 0.044164 0.008531
v -0.220845 -0.037311 -0.019843
v -0.228656 -0.045727 -0.034381
v -0.213034 -0.037311 -0.019843
v -0.142736 -0.037311 -0.019843
v -0.181790 -0.037311 -0.019843
v -0.181790 0.042716 0.016451
v -0.136878 -0.035533 -0.019036
v -0.142736 0.044494 0.017257
v -0.127114 -0.039090 -0.020650
v -0.136878 0.042716 0.016451
v 1.503410 -0.008527 0.001788
v -0.392685 -0.020188 -0.029231
v -0.373158 -0.046368 -0.028239
v -0.302859 0.063561 0.013039
v -0.213034 0.041744 0.013866
v -0.220845 0.041744 0.013866
v 0.351303 -0.048622 -0.018540
v -0.275521 -0.035387 -0.038268
v 0.351303 -0.042480 -0.017900
v 0.351303 0.025098 0.012749
v 1.190974 -0.042480 -0.017900
v 1.190974 -0.039585 -0.033740
v 1.230029 -0.039585 -0.033740
v -0.388779 0.007129 -0.023274
v -0.345819 0.054338 0.000280
v -0.328245 0.058060 0.006256
v -0.343866 0.046418 -0.001168
v -0.238419 -0.041218 -0.053777
v -0.273568 -0.045086 -0.040523
v 1.272989 0.015339 -0.060290
v 1.272989 -0.015244 -0.106323
v 1.272989 -0.019607 -0.106157
v 1.272989 0.012589 -0.063682
v 1.272989 -0.011687 -0.104709
v -0.332150 -0.045893 -0.038744
v -0.365346 -0.043473 -0.044079
v 0.142362 -0.037972 -0.037296
v 0.095496 -0.035387 -0.038268
v 0.095496 0.055310 0.002865
v 0.142362 0.054504 0.004643
v 0.148220 -0.038943 -0.039881
v 0.310296 -0.039585 -0.033740
v 0.351303 0.029130 0.003857
v 0.351303 0.040772 0.011281
v 1.190974 0.029606 -0.006648
v -0.330197 -0.033608 -0.037462
v -0.277474 0.056447 0.009813
v 0.089638 -0.032637 -0.034877
v 0.021293 -0.031831 -0.036656
v 0.081827 -0.033609 -0.037462
v 0.081827 0.055310 0.002865
v 0.089638 0.050946 0.003030
v -0.392685 0.035252 -0.019096
v -0.302859 -0.032161 -0.045382
v -0.220845 0.041083 -0.003587
v -0.267710 0.056428 -0.013782
v -0.228656 0.050782 -0.001332
v -0.220845 -0.025524 -0.031651
v -0.213034 -0.025524 -0.031651
v -0.181790 -0.025524 -0.031651
v -0.142736 0.045611 0.000611
v -0.181790 0.043834 -0.000196
v -0.136878 -0.024552 -0.029065
v -0.142736 -0.027302 -0.032457
v -0.127114 0.047390 0.001417
v -0.136878 0.043027 0.001583
v -0.127114 -0.027302 -0.032457
v -0.070485 0.049975 0.000445
v -0.070485 -0.028274 -0.035042
v -0.062674 0.049975 0.000445
v -0.062674 -0.030052 -0.035849
v -0.058769 0.047390 0.001417
v -0.058769 -0.027302 -0.032457
v -0.029478 0.049975 0.000445
v -0.029478 -0.030052 -0.035849
v 0.009576 0.053532 0.002058
v 0.013482 -0.030052 -0.035849
v 0.009576 -0.031831 -0.036656
v 0.013482 0.049975 0.000445
v 0.021293 0.053532 0.002058
v 0.150173 0.042345 -0.039465
v 0.142362 0.051093 -0.016201
v 0.292721 0.048692 0.012729
v -0.213034 0.042055 -0.001002
v 0.224376 0.047040 -0.030904
v -0.382921 -0.016652 -0.051213
v 0.351303 0.042385 0.007724
v -0.371205 0.058371 -0.008612
v 0.292721 0.034591 -0.036550
v 0.226329 0.043482 -0.032518
v 0.251714 0.029236 -0.062565
v 0.351303 0.029606 -0.006648
v 0.312249 0.029752 -0.025880
v -0.269663 0.047701 -0.013451
v -0.283332 0.059508 -0.001663
v -0.320434 0.059343 -0.006026
v -0.295048 0.059984 -0.012169
v -0.306765 0.059984 -0.012169
v 0.206802 0.044645 -0.186370
v 0.173605 0.041254 -0.183620
v 0.183369 0.043838 -0.184591
v 0.224376 0.034551 -0.083740
v 1.190974 -0.033133 -0.047966
v 0.310296 -0.033133 -0.047966
v 1.230029 -0.034104 -0.050551
v -0.306765 -0.041860 -0.047636
v -0.353630 -0.041383 -0.058141
v -0.338008 -0.039130 -0.067839
v -0.136878 -0.010820 -0.035704
v -0.142736 0.040587 -0.016677
v -0.127114 0.042366 -0.015870
v -0.136878 0.038974 -0.013121
v 0.214612 0.037697 -0.185233
v -0.379016 0.009858 -0.043478
v -0.267711 -0.039295 -0.072203
v -0.220845 -0.011793 -0.038288
v -0.213034 -0.011793 -0.038288
v -0.181790 0.038002 -0.015705
v -0.213034 0.038002 -0.015705
v -0.181790 -0.011793 -0.038288
v -0.142736 -0.010986 -0.040067
v -0.127114 -0.012764 -0.040873
v -0.070485 0.044950 -0.016843
v -0.062674 -0.015514 -0.044265
v -0.058769 -0.012764 -0.040873
v -0.058769 0.042366 -0.015870
v -0.029478 0.046729 -0.016036
v 0.089638 -0.015514 -0.044265
v 0.097449 -0.015680 -0.048628
v 0.081827 0.049314 -0.017008
v 0.089638 0.046729 -0.016036
v 0.142362 -0.018265 -0.047657
v 0.351303 0.019082 -0.030719
v 1.230029 0.018750 -0.039445
v 1.190974 0.019082 -0.030719
v -0.334103 0.057875 -0.021701
v -0.332150 0.049148 -0.021371
v -0.220845 0.038809 -0.017484
v -0.070485 -0.013736 -0.043458
v -0.062674 0.046729 -0.016036
v -0.029478 -0.013736 -0.043458
v 0.009576 0.049314 -0.017008
v 0.015435 -0.013736 -0.043458
v 0.009576 -0.014708 -0.046043
v 0.021293 -0.014708 -0.046043
v 0.015435 0.046729 -0.016036
v 0.021293 0.049314 -0.017008
v 0.081827 -0.016486 -0.046850
v 0.097449 0.051899 -0.017979
v 0.150173 -0.017459 -0.049434
v -0.367299 -0.014728 -0.069638
v -0.363394 0.061267 -0.024452
v -0.232561 0.054483 -0.018952
v -0.382921 0.038789 -0.041078
v -0.318482 -0.037682 -0.075760
v -0.283332 -0.037682 -0.075760
v -0.300907 -0.038653 -0.078344
v -0.289190 0.050596 -0.029291
v -0.136878 0.004855 -0.037171
v -0.142736 0.031365 -0.029436
v -0.127114 0.031365 -0.029436
v -0.136878 0.027973 -0.026687
v -0.220845 0.005661 -0.038949
v -0.226703 -0.012454 -0.055741
v -0.213034 0.003882 -0.039756
v -0.181790 0.028779 -0.028464
v -0.213034 0.028779 -0.028464
v -0.181790 0.005661 -0.038949
v 0.146267 0.005165 -0.052040
v 1.190974 -0.019918 -0.091289
v 0.253667 -0.014748 -0.093232
v 0.310296 -0.018139 -0.090482
v 1.230029 -0.020890 -0.093874
v -0.220845 0.028779 -0.028464
v -0.228656 0.036679 -0.050612
v -0.142736 0.006468 -0.040728
v -0.127114 0.004689 -0.041534
v -0.070485 0.033950 -0.030408
v -0.062674 0.004523 -0.045897
v -0.058769 0.002910 -0.042341
v -0.058769 0.033143 -0.028630
v -0.029478 0.036534 -0.031380
v -0.070485 0.003717 -0.044120
v -0.062674 0.036534 -0.031380
v -0.029478 0.004523 -0.045897
v 0.009576 0.039119 -0.032352
v 0.015435 0.004523 -0.045897
v 0.021293 0.003552 -0.048482
v 0.015435 0.036534 -0.031380
v 0.089638 0.004523 -0.045897
v 0.097449 0.004359 -0.050261
v 0.081827 0.039926 -0.034130
v 0.089638 0.036534 -0.031380
v -0.347772 -0.012639 -0.083700
v -0.312623 0.050431 -0.033654
v -0.242325 0.057379 -0.034792
v -0.289190 0.059322 -0.029622
v -0.136878 0.018916 -0.035082
v -0.142736 0.019723 -0.036861
v -0.127114 0.019723 -0.036861
v 0.009576 0.003552 -0.048482
v 0.021293 0.039119 -0.032352
v 0.081827 0.004359 -0.050261
v 0.142362 0.004359 -0.050261
v 0.142362 0.039926 -0.034130
v 0.310296 0.019723 -0.036861
v 0.251714 0.017759 -0.065625
v 1.190974 0.014552 -0.034917
v 0.351303 0.014552 -0.034917
v -0.220845 0.017944 -0.037667
v -0.228656 0.010169 -0.058347
v -0.213034 0.017138 -0.035889
v -0.181790 0.018916 -0.035082
v 0.097449 0.039926 -0.034130
v 1.190974 -0.009413 -0.090812
v 0.251714 0.004649 -0.088724
v 0.310296 -0.007635 -0.090006
v 1.230029 0.012443 -0.044450
v 1.230029 -0.009578 -0.095176
v -0.363394 0.013561 -0.061097
v -0.312623 0.059158 -0.033985
v -0.070485 0.021336 -0.040417
v -0.062674 0.022142 -0.042196
v -0.058769 0.020529 -0.038638
v -0.029478 0.022142 -0.042196
v -0.367299 0.042491 -0.058697
v -0.351677 0.063355 -0.038514
v 0.009576 0.022949 -0.043974
v 0.015435 0.022142 -0.042196
v 0.021293 0.022949 -0.043974
v 0.089638 0.022142 -0.042196
v 0.097449 0.023755 -0.045752
v 0.081827 0.023755 -0.045752
v -0.324339 -0.011191 -0.091619
v -0.248183 -0.010530 -0.074167
v 0.142362 0.023755 -0.045752
v 0.234140 0.025824 -0.083409
v 0.157983 0.024191 -0.103447
v 0.150173 0.007710 -0.100201
v -0.304812 0.064142 -0.063887
v -0.273568 0.061722 -0.058551
v -0.298954 -0.011357 -0.095983
v -0.271616 -0.008441 -0.088229
v -0.338008 0.064638 -0.050797
v -0.322386 0.064307 -0.059523
v 0.234140 -0.011687 -0.104710
v -0.343866 0.015650 -0.075158
v -0.347772 0.044580 -0.072759
v 0.234140 0.007710 -0.100201
v -0.267711 0.042471 -0.082292
v -0.322386 0.017098 -0.083078
v -0.269664 0.017904 -0.084857
v -0.324339 0.045055 -0.083264
v 0.310296 -0.012970 -0.092426
v 1.190974 -0.016526 -0.094039
v 1.230029 -0.017498 -0.096624
v -0.298954 0.016932 -0.087441
v -0.298954 0.043112 -0.088434
v 0.253667 -0.006993 -0.096148
v 0.234140 -0.003932 -0.107625
v 0.161889 0.002791 -0.183910
v 0.232187 0.010936 -0.107314
v 0.230234 -0.004263 -0.116352
v 0.224376 0.014102 -0.185213
v 0.169700 0.025579 -0.182152
v 0.191180 -0.037306 -0.204238
v 0.173605 -0.032136 -0.206183
v 0.222423 -0.025188 -0.207319
v 0.206802 -0.034721 -0.205210
v 0.154078 0.002460 -0.192637
v 0.157983 -0.013545 -0.199896
v 0.230234 -0.006432 -0.196669
v 0.156031 0.020885 -0.190713
v 0.210707 -0.036829 -0.214743
v 0.191180 -0.040387 -0.216357
v 0.226329 -0.024712 -0.217825
v 0.161889 -0.025188 -0.207319
v 0.173605 -0.035216 -0.218301
v 0.232187 0.011186 -0.192967
v 0.150173 -0.009678 -0.213151
v 0.146267 0.007133 -0.207670
v 0.157983 -0.025684 -0.220410
v 0.161889 0.035753 -0.190402
v 0.238045 -0.004343 -0.210731
v 0.239998 0.013276 -0.207029
v 0.212660 -0.034906 -0.233169
v 0.193133 -0.038463 -0.234782
v 0.228282 -0.023429 -0.230107
v 0.230234 0.026054 -0.192656
v 0.238045 0.029922 -0.205912
v 0.148220 0.024752 -0.203968
v 0.171653 -0.034100 -0.234947
v 0.171653 0.046258 -0.189926
v 0.222423 0.041729 -0.194124
v 0.226329 0.046568 -0.204794
v 0.156031 0.041399 -0.202851
v 0.191180 0.051428 -0.191870
v 0.239998 -0.003226 -0.227377
v 0.156031 -0.023595 -0.234471
v 0.146267 -0.006783 -0.228990
v 0.142362 0.010836 -0.225289
v 0.169700 0.053682 -0.201568
v 0.210707 0.051262 -0.196233
v 0.238045 0.033790 -0.219166
v 0.144314 0.029426 -0.219002
v 0.191180 0.059659 -0.205291
v 0.212660 -0.027648 -0.249174
v 0.193133 -0.030397 -0.252566
v 0.226329 -0.019562 -0.243363
v 0.173605 -0.026841 -0.250953
v 0.210707 0.057715 -0.210460
v 0.226329 0.049629 -0.216272
v 0.154078 0.045266 -0.216106
v 0.157983 -0.017949 -0.246920
v 0.150173 -0.001302 -0.245803
v 0.167747 0.058356 -0.216602
v 0.146267 0.016316 -0.242100
v 0.148220 0.032322 -0.234841
v 0.189227 0.063360 -0.222909
v 0.224376 -0.010360 -0.254198
v 0.156031 0.047355 -0.230167
v 0.210707 -0.014082 -0.260175
v 0.177511 -0.015053 -0.262760
v 0.163842 -0.011331 -0.256783
v 0.193133 -0.016831 -0.263567
v 0.167747 0.056888 -0.232277
v 0.157983 0.003537 -0.256472
v 0.156031 0.019377 -0.253577
v 0.157983 0.034410 -0.248904
v 0.212660 0.003206 -0.265199
v 0.159936 0.046052 -0.241480
v 0.187274 0.060114 -0.239390
v 0.193133 0.003041 -0.269563
v 0.173605 0.004013 -0.266978
v 0.175558 0.051057 -0.247787
v 0.171653 0.021631 -0.263275
v 0.173605 0.038443 -0.257795
v 0.193133 0.044585 -0.257155
v 0.193133 0.023245 -0.266833
v 0.210707 -0.022678 0.274111
v 0.228282 -0.034486 0.262323
v 0.226329 -0.021231 0.266190
v 0.191180 0.012063 0.268424
v 0.238045 -0.030618 0.249068
v 0.236092 -0.015585 0.253742
v 0.234140 -0.046624 0.241809
v 0.224376 0.005590 0.259056
v 0.228282 -0.056983 0.222101
v 0.191180 0.025463 0.253060
v 0.238045 -0.041950 0.226776
v 0.243903 -0.025138 0.232256
v 0.228282 0.013015 0.247414
v 0.226329 -0.050531 0.207875
v 0.238045 -0.037276 0.211742
v 0.241951 -0.017879 0.216250
v 0.239998 -0.000902 0.226094
v 0.226329 0.016882 0.234159
v 0.193133 0.031750 0.234470
v 0.230234 -0.029046 0.198321
v 0.234140 -0.012233 0.203802
v 0.224376 0.018164 0.221876
v 0.208754 0.025919 0.218961
v 0.232187 0.003772 0.211060
v 0.193133 0.029311 0.216210
v 0.177511 0.026726 0.217182
v 0.171653 0.012975 0.200225
v 0.214612 0.012168 0.202003
v 0.212660 0.089264 0.022553
v 0.161889 0.084902 0.022717
v 0.234140 0.008716 0.133969
v 0.234140 0.020339 0.117798
v 1.272989 -0.006152 0.133659
v 1.272989 0.003547 0.135913
v 1.272989 -0.027843 0.091659
v 1.230029 0.005635 0.121851
v 1.272989 0.005801 0.126214
v 0.253667 0.008221 0.120879
v 0.253667 0.017258 0.105681
v 1.190974 0.005470 0.117488
v 0.310296 0.008221 0.120879
v 1.499505 -0.009974 0.009709
v 1.190974 0.017548 0.067218
v 0.310296 0.011447 0.113765
v 0.292721 0.027247 0.069472
v 0.251714 0.032582 0.071891
v 0.310296 0.022883 0.069637
v -0.285285 0.013536 0.099704
v -0.326292 0.040832 0.082065
v -0.242325 0.016265 0.079500
v -0.271616 0.039861 0.079480
v -0.226703 0.017383 0.062854
v 0.095496 0.013186 0.067382
v 1.272989 0.024496 0.066080
v 1.444828 0.005701 0.008241
v -0.332150 0.045652 0.047801
v -0.181790 0.011718 0.051708
v 0.081827 0.031114 0.056217
v 0.351303 0.017383 0.062854
v 0.312249 0.029336 0.055410
v 1.190974 0.009298 0.057044
v 0.019340 0.030142 0.053631
v 0.310296 0.034175 0.044740
v 1.272989 0.031900 0.030843
v -0.242325 0.044204 0.055721
v -0.136878 0.012524 0.049930
v -0.064627 0.028199 0.048462
v 0.224376 0.046478 0.069617
v 0.286863 0.059528 0.021931
v 0.224376 0.077788 0.019491
v -0.213034 0.025283 0.040707
v 1.230029 0.024787 0.027617
v 0.019340 0.042736 0.040046
v 0.007624 0.043542 0.038267
v -0.232561 0.046128 0.037295
v -0.058769 0.037235 0.033262
v -0.127114 0.039820 0.032291
v 0.214612 -0.014828 -0.187612
v -0.291143 0.052104 0.033574
v -0.142736 0.038042 0.031485
v -0.230608 0.048051 0.018871
v 0.298580 0.048051 0.018871
v -0.345819 0.049188 0.025819
v 0.095496 0.052580 0.023068
v 1.442876 -0.026621 0.008591
v 1.272989 -0.040577 -0.059919
v 0.021293 0.051608 0.020484
v 0.007624 0.051608 0.020484
v -0.127114 0.046273 0.018064
v -0.062674 0.048051 0.018871
v 1.272989 0.036720 -0.003422
v 1.230029 0.031384 -0.005842
v -0.142736 0.044494 0.017257
v 1.503410 -0.008527 0.001788
v -0.302859 0.063561 0.013039
v -0.213034 0.041744 0.013866
v -0.238419 -0.041218 -0.053777
v 1.272989 0.012589 -0.063682
v 1.272989 -0.011687 -0.104709
v 0.351303 0.040772 0.011281
v 1.190974 0.029606 -0.006648
v 0.081827 0.055310 0.002865
v -0.267710 0.056428 -0.013782
v -0.181790 0.043834 -0.000196
v -0.127114 0.047390 0.001417
v -0.062674 0.049975 0.000445
v -0.029478 0.049975 0.000445
v 0.021293 0.053532 0.002058
v 0.150173 0.042345 -0.039465
v 0.142362 0.051093 -0.016201
v -0.213034 0.042055 -0.001002
v 0.224376 0.047040 -0.030904
v 0.351303 0.042385 0.007724
v -0.371205 0.058371 -0.008612
v 0.292721 0.034591 -0.036550
v 0.251714 0.029236 -0.062565
v 0.312249 0.029752 -0.025880
v -0.283332 0.059508 -0.001663
v -0.320434 0.059343 -0.006026
v 0.224376 0.034551 -0.083740
v -0.142736 0.040587 -0.016677
v -0.127114 0.042366 -0.015870
v -0.136878 0.038974 -0.013121
v 0.214612 0.037697 -0.185233
v -0.267711 -0.039295 -0.072203
v -0.213034 -0.011793 -0.038288
v -0.213034 0.038002 -0.015705
v -0.181790 -0.011793 -0.038288
v -0.127114 -0.012764 -0.040873
v -0.062674 -0.015514 -0.044265
v -0.058769 0.042366 -0.015870
v 0.081827 0.049314 -0.017008
v 0.351303 0.019082 -0.030719
v 1.230029 0.018750 -0.039445
v 1.190974 0.019082 -0.030719
v -0.334103 0.057875 -0.021701
v 0.009576 0.049314 -0.017008
v 0.021293 0.049314 -0.017008
v 0.097449 0.051899 -0.017979
v -0.232561 0.054483 -0.018952
v -0.127114 0.031365 -0.029436
v -0.226703 -0.012454 -0.055741
v -0.181790 0.028779 -0.028464
v -0.213034 0.028779 -0.028464
v -0.181790 0.005661 -0.038949
v 0.310296 -0.018139 -0.090482
v -0.228656 0.036679 -0.050612
v -0.127114 0.004689 -0.041534
v -0.070485 0.033950 -0.030408
v -0.058769 0.002910 -0.042341
v -0.029478 0.036534 -0.031380
v -0.029478 0.004523 -0.045897
v 0.015435 0.036534 -0.031380
v -0.242325 0.057379 -0.034792
v -0.289190 0.059322 -0.029622
v 0.021293 0.039119 -0.032352
v 0.310296 0.019723 -0.036861
v 0.351303 0.014552 -0.034917
v -0.228656 0.010169 -0.058347
v -0.213034 0.017138 -0.035889
v -0.181790 0.018916 -0.035082
v 0.097449 0.039926 -0.034130
v 1.190974 -0.009413 -0.090812
v 0.251714 0.004649 -0.088724
v 0.310296 -0.007635 -0.090006
v 1.230029 0.012443 -0.044450
v 1.230029 -0.009578 -0.095176
v -0.058769 0.020529 -0.038638
v -0.029478 0.022142 -0.042196
v -0.367299 0.042491 -0.058697
v -0.351677 0.063355 -0.038514
v 0.021293 0.022949 -0.043974
v 0.081827 0.023755 -0.045752
v -0.248183 -0.010530 -0.074167
v 0.234140 0.025824 -0.083409
v 0.157983 0.024191 -0.103447
v -0.304812 0.064142 -0.063887
v -0.255994 0.059468 -0.048854
v -0.273568 0.061722 -0.058551
v -0.298954 -0.011357 -0.095983
v -0.271616 -0.008441 -0.088229
v -0.322386 0.064307 -0.059523
v -0.246230 0.040382 -0.068230
v -0.246230 0.014844 -0.073379
v -0.267711 0.042471 -0.082292
v -0.269664 0.017904 -0.084857
v -0.324339 0.045055 -0.083264
v 1.230029 -0.017498 -0.096624
v -0.298954 0.043112 -0.088434
v 0.253667 -0.006993 -0.096148
v 0.232187 0.010936 -0.107314
v 0.230234 -0.004263 -0.116352
v 0.224376 0.014102 -0.185213
v 0.238045 -0.004343 -0.210731
v 0.239998 0.013276 -0.207029
v 0.228282 -0.023429 -0.230107
v 0.238045 0.029922 -0.205912
v 0.222423 0.041729 -0.194124
v 0.191180 0.051428 -0.191870
v 0.239998 -0.003226 -0.227377
v 0.241951 0.016171 -0.222869
v 0.210707 0.051262 -0.196233
v 0.238045 0.033790 -0.219166
v 0.191180 0.059659 -0.205291
v 0.226329 -0.019562 -0.243363
v 0.210707 0.057715 -0.210460
v 0.236092 0.001448 -0.242411
v 0.226329 0.049629 -0.216272
v 0.238045 0.019067 -0.238709
v 0.234140 0.035878 -0.233228
v 0.189227 0.063360 -0.222909
v 0.224376 -0.010360 -0.254198
v 0.226329 0.005315 -0.255666
v 0.224376 0.050912 -0.228555
v 0.208754 0.060611 -0.226300
v 0.210707 -0.014082 -0.260175
v 0.167747 0.056888 -0.232277
v 0.228282 0.021155 -0.252771
v 0.226329 0.036189 -0.248097
v 0.212660 0.003206 -0.265199
v 0.220471 0.049610 -0.239866
v 0.187274 0.060114 -0.239390
v 0.204849 0.056558 -0.241003
v 0.193133 0.003041 -0.269563
v 0.212660 0.021631 -0.263275
v 0.210707 0.041193 -0.254403
v 0.193133 0.044585 -0.257155
v 0.193133 0.023245 -0.266833
v 0.189227 -0.039325 0.272993
v 0.189227 -0.054524 0.263956
v 0.210707 -0.038519 0.271215
v 0.171653 -0.050325 0.259428
v 0.189227 -0.022513 0.278474
v 0.169700 -0.036906 0.267658
v 0.210707 -0.022678 0.274111
v 0.208754 -0.051938 0.262984
v 0.189227 -0.065525 0.250390
v 0.173605 -0.060355 0.248447
v 0.171653 -0.021872 0.272332
v 0.208754 -0.005225 0.273449
v 0.191180 -0.004253 0.276035
v 0.228282 -0.034486 0.262323
v 0.226329 -0.021231 0.266190
v 0.206802 -0.062940 0.249419
v 0.224376 -0.047906 0.254093
v 0.157983 -0.046293 0.250535
v 0.156031 -0.032873 0.258766
v 0.224376 -0.006363 0.266501
v 0.161889 -0.056157 0.243918
v 0.173605 -0.004418 0.271671
v 0.157983 -0.019618 0.262633
v 0.208754 -0.066992 0.234715
v 0.191180 -0.070549 0.233102
v 0.191180 0.012063 0.268424
v 0.173605 0.010119 0.263255
v 0.220471 -0.057770 0.247475
v 0.224376 -0.059072 0.236163
v 0.238045 -0.030618 0.249068
v 0.236092 -0.015585 0.253742
v 0.173605 -0.066186 0.232937
v 0.208754 0.011091 0.265840
v 0.234140 -0.046624 0.241809
v 0.224376 0.005590 0.259056
v 0.152125 -0.045011 0.238252
v 0.146267 -0.029005 0.245511
v 0.161889 -0.005556 0.264722
v 0.157983 0.004619 0.256472
v 0.157983 -0.056653 0.230828
v 0.150173 -0.012193 0.250991
v 0.212660 -0.067654 0.217262
v 0.191180 -0.068626 0.214678
v 0.228282 -0.056983 0.222101
v 0.171653 -0.064262 0.214512
v 0.191180 0.025463 0.253060
v 0.171653 0.022714 0.249669
v 0.238045 -0.041950 0.226776
v 0.243903 -0.025138 0.232256
v 0.239998 -0.007354 0.240321
v 0.212660 0.021907 0.251447
v 0.228282 0.013015 0.247414
v 0.146267 -0.039530 0.221440
v 0.142362 -0.022718 0.226921
v 0.156031 -0.054563 0.216766
v 0.156031 0.013821 0.245636
v 0.146267 -0.004935 0.234986
v 0.226329 -0.050531 0.207875
v 0.212660 -0.057810 0.200285
v 0.238045 -0.037276 0.211742
v 0.193133 -0.060560 0.196893
v 0.241951 -0.017879 0.216250
v 0.175558 -0.057003 0.198506
v 0.239998 -0.000902 0.226094
v 0.226329 0.016882 0.234159
v 0.159936 -0.048918 0.204318
v 0.193133 0.031750 0.234470
v 0.173605 0.028193 0.232857
v 0.212660 0.027387 0.234636
v 0.150173 -0.034856 0.206407
v 0.157983 0.018495 0.230603
v 0.148220 0.002324 0.218980
v 0.146267 -0.015459 0.210915
v 0.230234 -0.029046 0.198321
v 0.224376 -0.043914 0.198010
v 0.234140 -0.012233 0.203802
v 0.179463 -0.046023 0.188477
v 0.163842 -0.042301 0.194454
v 0.208754 -0.046829 0.190256
v 0.224376 0.018164 0.221876
v 0.208754 0.025919 0.218961
v 0.232187 0.003772 0.211060
v 0.195085 -0.049579 0.186864
v 0.157983 -0.027433 0.194765
v 0.161889 0.019778 0.218319
v 0.157983 0.006191 0.205725
v 0.193133 0.029311 0.216210
v 0.177511 0.026726 0.217182
v 0.154078 -0.009814 0.198467
v 0.216565 -0.036324 0.190732
v 0.181416 -0.098067 -0.008802
v 0.214612 -0.098873 -0.007024
v 0.226329 -0.013536 0.192491
v 0.171653 0.012975 0.200225
v 0.161889 -0.096288 -0.007996
v 0.171653 -0.034711 0.187175
v 0.154078 -0.062148 0.039650
v 0.214612 0.012168 0.202003
v 0.232187 -0.004849 0.144970
v 0.228282 -0.021827 0.135127
v 0.226329 -0.035909 0.109442
v 0.224376 -0.090147 -0.007355
v 0.183369 0.017337 0.200060
v 0.161889 -0.011922 0.188933
v 0.146267 -0.028669 0.069843
v 0.212660 0.089264 0.022553
v 0.226329 0.010825 0.143503
v 0.224376 0.037751 0.069948
v 0.144314 -0.005716 0.075963
v 0.161889 0.084902 0.022717
v 0.148220 0.032251 0.063164
v 0.238045 -0.005180 0.136244
v 0.234140 -0.020379 0.127206
v 0.236092 -0.036073 0.105080
v 0.234140 0.008716 0.133969
v 0.234140 0.020339 0.117798
v 0.226329 0.021310 0.120383
v 0.257572 -0.004869 0.121375
v 0.253667 -0.016511 0.113951
v 0.251714 -0.026706 0.098607
v 1.272989 -0.006152 0.133659
v 1.272989 0.003547 0.135913
v 1.230029 0.004188 0.129771
v 1.499707 -0.014231 0.012672
v 1.230029 -0.005511 0.127517
v 1.230029 -0.024451 0.088908
v 1.272989 -0.027843 0.091659
v 1.230029 0.005635 0.121851
v 1.272989 0.005801 0.126214
v 1.499505 -0.011587 0.013265
v 0.253667 0.008221 0.120879
v 1.190974 0.004022 0.125407
v 1.190974 -0.006482 0.124932
v 1.190974 -0.026561 0.079376
v 0.310296 -0.004869 0.121375
v 0.310296 -0.016511 0.113951
v 1.190974 0.005470 0.117488
v 0.226329 -0.059233 0.047405
v 0.224376 -0.068932 0.045151
v 0.310296 0.008221 0.120879
v 1.230029 0.016907 0.073359
v 1.272989 0.020464 0.074972
v 1.499505 -0.009974 0.009709
v 0.292721 -0.043373 0.073894
v 0.251714 -0.056007 0.040291
v 0.310296 -0.024782 0.080182
v 0.310296 -0.034004 0.067423
v 1.190974 0.017548 0.067218
v 0.310296 0.011447 0.113765
v -0.308717 -0.042712 0.091348
v -0.285285 -0.042712 0.091348
v -0.308717 -0.014753 0.091163
v -0.289190 -0.063741 0.066802
v -0.334103 -0.042876 0.086985
v -0.308717 -0.064547 0.068580
v -0.332150 -0.013140 0.087606
v -0.263806 -0.042070 0.085207
v -0.287237 -0.014753 0.091163
v -0.271616 -0.061321 0.061467
v 0.251714 0.032582 0.071891
v -0.326292 -0.062934 0.065023
v -0.355583 -0.040622 0.077286
v -0.351677 -0.010886 0.077908
v -0.265758 -0.014112 0.085021
v -0.244278 -0.039009 0.073730
v -0.255994 -0.059067 0.051768
v 1.230029 -0.029952 0.082125
v 1.272989 -0.033343 0.084876
v 1.443223 -0.027915 0.013391
v 1.272989 -0.045978 0.051272
v -0.293096 -0.060370 0.040457
v -0.320434 -0.058592 0.041263
v -0.308717 0.015314 0.100510
v -0.334103 0.015956 0.094369
v -0.285285 0.013536 0.099704
v -0.345819 -0.060680 0.055325
v -0.371205 -0.008797 0.063846
v -0.373157 -0.035948 0.062253
v 1.190974 -0.042420 0.052885
v 1.230029 -0.042420 0.052885
v -0.355583 0.018209 0.084671
v -0.306765 0.039219 0.085623
v -0.326292 0.040832 0.082065
v -0.263805 0.014984 0.091784
v -0.289190 0.040026 0.083844
v 0.351303 -0.042586 0.048522
v 0.349350 -0.053091 0.048046
v -0.246230 -0.012829 0.072738
v -0.242325 -0.057785 0.039484
v -0.226703 -0.037892 0.057083
v -0.343866 0.043086 0.072367
v -0.242325 0.016265 0.079500
v -0.271616 0.039861 0.079480
v -0.373157 0.020298 0.070608
v -0.359488 -0.059398 0.043041
v -0.386826 -0.033218 0.042049
v -0.382921 -0.004288 0.044449
v -0.271616 -0.057309 0.028979
v -0.230608 -0.010741 0.058676
v 0.140409 -0.026250 0.064508
v 0.148220 -0.027056 0.066285
v 0.140409 -0.006853 0.069016
v 0.140409 0.013186 0.067382
v 0.140409 -0.042420 0.052885
v 0.150173 -0.043227 0.054664
v -0.357536 0.044369 0.060084
v 0.095496 -0.026250 0.064508
v 0.095496 -0.042420 0.052885
v 0.087685 -0.023830 0.059172
v 0.095496 -0.006853 0.069016
v 0.087685 -0.006212 0.062874
v 0.288816 -0.061051 -0.000592
v 0.286863 -0.069137 -0.006403
v 0.286863 -0.067999 0.000545
v -0.232561 -0.056668 0.022838
v -0.218892 -0.034997 0.041243
v -0.220845 -0.043413 0.026705
v 0.081827 -0.025443 0.062729
v 0.019340 -0.024637 0.060950
v 0.081827 -0.041614 0.051107
v 0.081827 -0.006046 0.067237
v 0.087685 -0.038223 0.048356
v 0.148220 -0.056979 0.037706
v -0.226703 0.017383 0.062854
v -0.255994 0.042115 0.069782
v 0.019340 -0.040807 0.049329
v 0.019340 -0.005240 0.065459
v 0.013482 -0.023024 0.057394
v 0.013482 -0.005406 0.061095
v 0.095496 -0.054393 0.036734
v 0.095496 0.013186 0.067382
v 0.087685 0.011241 0.062213
v 0.140409 -0.054393 0.036734
v 0.351303 -0.051643 0.040126
v 0.312249 -0.056668 0.022838
v 1.230029 -0.047610 0.031234
v 0.351303 -0.040332 0.038823
v 1.190974 -0.042110 0.038017
v 1.272989 -0.053111 0.024451
v -0.339961 -0.056502 0.027202
v -0.369252 -0.056502 0.027202
v 0.007624 -0.023830 0.059172
v -0.031431 -0.023024 0.057394
v -0.031431 -0.037416 0.046578
v -0.031431 -0.005406 0.061095
v 0.007624 -0.040807 0.049329
v 0.013482 -0.037416 0.046578
v 0.007624 -0.005240 0.065459
v 0.019340 -0.051002 0.033984
v 0.087685 -0.051002 0.033984
v 0.081827 -0.053587 0.034956
v 0.019340 0.013020 0.063019
v 0.081827 0.013992 0.065605
v -0.386826 0.023029 0.050405
v -0.293096 -0.051643 0.040126
v -0.318481 -0.049865 0.040932
v -0.306765 0.043397 0.057498
v -0.271616 -0.050361 0.027843
v -0.062674 -0.023024 0.057394
v -0.062674 -0.005406 0.061095
v -0.072438 -0.022217 0.055615
v -0.072438 -0.036610 0.044799
v -0.062674 -0.037416 0.046578
v -0.058769 -0.021410 0.053837
v -0.058769 -0.003793 0.057539
v -0.058769 -0.035803 0.043021
v -0.031431 -0.047610 0.031234
v 0.013482 -0.047610 0.031234
v 0.007624 -0.050195 0.032206
v -0.031431 0.012854 0.058656
v 0.007624 0.013827 0.061241
v 0.013482 0.012854 0.058656
v -0.281379 0.044039 0.051357
v -0.259899 -0.055550 0.006191
v -0.127114 -0.021410 0.053837
v -0.127114 -0.035803 0.043021
v -0.127114 -0.003793 0.057539
v -0.072438 -0.004599 0.059317
v 1.230029 0.020133 0.066246
v 1.272989 0.024496 0.066080
v 1.444828 0.005701 0.008241
v -0.332150 0.045652 0.047801
v -0.312623 -0.060224 0.021225
v -0.338008 -0.045997 0.027677
v -0.324339 -0.056191 0.012333
v -0.298954 -0.059418 0.019446
v -0.220845 -0.019798 0.050280
v -0.136878 -0.019798 0.050280
v -0.136878 -0.032412 0.040271
v -0.072438 -0.046804 0.029456
v -0.064627 -0.049389 0.030428
v -0.064627 0.012854 0.058656
v -0.058769 0.012689 0.054292
v -0.058769 -0.044219 0.028483
v 0.148220 -0.062975 0.017833
v -0.367299 0.047265 0.044243
v -0.142736 -0.020604 0.052058
v -0.181790 -0.019798 0.050280
v -0.142736 -0.035803 0.043021
v -0.142736 -0.003793 0.057539
v -0.127114 -0.044219 0.028483
v -0.127114 0.012689 0.054292
v -0.072438 0.013661 0.056878
v 0.140409 -0.060390 0.016862
v 0.095496 -0.060390 0.016862
v 0.140409 0.030308 0.057995
v 0.087685 0.028364 0.052825
v 0.095496 0.030308 0.057995
v -0.213034 -0.019798 0.050280
v -0.213034 -0.003151 0.051398
v -0.220845 -0.003151 0.051398
v -0.213034 -0.032412 0.040271
v -0.181790 -0.003957 0.053175
v -0.181790 -0.032412 0.040271
v -0.181790 -0.041634 0.027511
v -0.136878 -0.040828 0.025734
v -0.142736 -0.043413 0.026705
v -0.136878 -0.003957 0.053176
v -0.181790 0.011718 0.051708
v -0.142736 0.013495 0.052514
v 0.019340 -0.055220 0.014917
v 0.087685 -0.055220 0.014917
v 0.081827 -0.057805 0.015890
v 0.081827 0.031114 0.056217
v 0.351303 0.017383 0.062854
v 0.312249 0.029336 0.055410
v 1.230029 0.022222 0.052184
v 1.190974 0.009298 0.057044
v -0.394637 -0.028875 0.018289
v -0.390732 -0.000751 0.022467
v 0.013482 0.029170 0.051046
v 0.019340 0.030142 0.053631
v 0.288816 0.049995 0.024040
v 0.310296 0.034175 0.044740
v 0.351303 -0.029992 0.034936
v 1.230029 -0.038242 0.024762
v 1.190974 -0.031771 0.034129
v 1.272989 0.031900 0.030843
v -0.259899 -0.046824 0.005861
v -0.218892 0.012524 0.049930
v -0.242325 0.044204 0.055721
v -0.213034 -0.040828 0.025734
v -0.136878 0.012524 0.049930
v -0.031431 -0.051829 0.012168
v 0.013482 -0.052635 0.013945
v 0.007624 -0.054414 0.013139
v 0.007624 0.030949 0.051853
v 0.351303 0.007519 0.056237
v 0.310296 0.012359 0.045566
v -0.349725 -0.052966 0.005220
v -0.375111 -0.052801 0.009582
v -0.213034 0.012524 0.049930
v -0.072438 -0.049243 0.011196
v -0.064627 -0.051829 0.012168
v -0.064627 0.028199 0.048462
v -0.058769 0.027227 0.045877
v -0.058769 -0.047465 0.012002
v -0.031431 0.028199 0.048462
v 0.224376 0.046478 0.069617
v 0.351303 0.013787 0.014051
v 1.230029 0.009773 0.046538
v 1.230029 0.012504 0.026335
v 1.190974 0.013787 0.014051
v 1.230029 -0.046494 0.014587
v -0.287237 -0.058777 0.013305
v -0.127114 -0.049243 0.011196
v -0.072438 0.029005 0.046683
v -0.330197 -0.054910 0.000049
v -0.347772 -0.042461 0.005695
v -0.304812 -0.061217 -0.004955
v -0.228656 -0.054744 0.004413
v -0.259899 -0.051207 -0.017568
v -0.136878 -0.043102 0.011837
v -0.127114 0.027227 0.045877
v 0.140409 0.043708 0.042630
v 0.150173 0.058721 0.023710
v 0.286863 0.059528 0.021931
v 0.320060 -0.032267 0.021040
v 0.320060 -0.054414 0.013139
v 1.190974 -0.031645 -0.008697
v 0.320060 -0.032597 0.012313
v 0.351303 -0.029866 -0.007890
v 1.230029 -0.031460 0.019261
v 1.230029 -0.044404 0.000526
v 1.272989 -0.049099 -0.008035
v -0.394637 0.026565 0.028423
v -0.218892 -0.046658 0.010224
v -0.181790 -0.044880 0.011030
v -0.213034 -0.044880 0.011030
v -0.142736 0.028033 0.044098
v -0.181790 0.026255 0.043291
v -0.142736 -0.046658 0.010224
v 0.148220 -0.063801 -0.003983
v -0.213034 0.025283 0.040707
v -0.218892 0.025283 0.040707
v -0.136878 0.026255 0.043291
v 0.095496 -0.057659 -0.003342
v 0.095496 0.043708 0.042630
v 0.087685 0.040958 0.039240
v 0.140409 -0.059438 -0.004149
v 0.019340 -0.053297 -0.003507
v 0.087685 -0.053297 -0.003507
v 0.081827 -0.055074 -0.004313
v 0.081827 0.044514 0.040852
v 1.230029 0.024787 0.027617
v -0.373157 0.050160 0.028404
v -0.279427 -0.056687 -0.000757
v 0.013482 0.039986 0.036654
v 0.019340 0.042736 0.040046
v 0.310296 0.012834 0.035061
v -0.281379 0.036926 0.048131
v -0.306765 0.037090 0.052494
v 0.013482 -0.048933 -0.003672
v -0.031431 -0.048933 -0.003672
v 0.007624 -0.052490 -0.005286
v 0.007624 0.043542 0.038267
v 0.183369 -0.024527 -0.189867
v 0.206802 -0.022748 -0.189060
v 0.288816 -0.060575 -0.011097
v 0.351303 -0.051848 -0.011427
v -0.304812 0.053076 0.036158
v -0.330197 0.036760 0.043768
v -0.320434 0.052911 0.031795
v -0.263805 0.047741 0.033739
v -0.232561 0.046128 0.037295
v -0.072438 -0.048126 -0.005451
v -0.062674 -0.049905 -0.006258
v -0.062674 0.040793 0.034876
v -0.058769 0.037235 0.033262
v -0.058769 -0.046348 -0.004645
v -0.031431 0.039986 0.036654
v 0.154078 -0.085948 -0.011883
v 0.173605 -0.020163 -0.190031
v 1.230029 -0.031315 0.000030
v -0.396590 -0.024531 -0.005470
v -0.377064 -0.050070 -0.010621
v -0.127114 -0.045542 -0.006422
v -0.136878 -0.041985 -0.004809
v -0.072438 0.039014 0.034069
v -0.127114 0.039820 0.032291
v 0.224376 -0.048167 -0.052641
v 0.224376 -0.018160 -0.114077
v 0.214612 -0.014828 -0.187612
v -0.392685 0.003592 -0.001293
v -0.265758 0.039820 0.032291
v -0.291143 0.052104 0.033574
v -0.261852 -0.042480 -0.017900
v -0.220845 -0.043764 -0.005616
v -0.228656 -0.050235 -0.014984
v -0.213034 -0.043764 -0.005616
v -0.181790 -0.043764 -0.005616
v -0.142736 0.038042 0.031485
v -0.181790 0.036264 0.030678
v -0.142736 -0.043764 -0.005616
v -0.136878 0.036264 0.030678
v -0.347772 -0.048622 -0.018540
v -0.213034 0.035292 0.028093
v -0.230608 0.048051 0.018871
v -0.220845 0.035292 0.028093
v 0.351303 0.037546 0.018394
v 0.298580 0.048051 0.018871
v -0.345819 0.049188 0.025819
v -0.328245 0.054193 0.019512
v -0.343866 0.041268 0.024371
v 0.148220 -0.033133 -0.047966
v 0.152125 -0.006187 -0.097926
v 0.351303 -0.039565 -0.010145
v -0.328245 -0.052820 -0.014012
v -0.345819 -0.038117 -0.018065
v -0.279427 -0.054599 -0.014819
v 0.148220 -0.054929 -0.023545
v 1.443021 -0.028021 0.010592
v 1.503757 -0.014991 0.008532
v -0.396590 0.030909 0.004664
v -0.318481 -0.049760 -0.025489
v -0.289190 -0.051538 -0.026295
v -0.304812 -0.049925 -0.029853
v 0.140409 -0.051373 -0.021932
v 0.095496 -0.050566 -0.023711
v 0.140409 0.051773 0.024847
v 0.087685 0.049024 0.021455
v 0.095496 0.052580 0.023068
v 1.442876 -0.026621 0.008591
v 1.272989 -0.040577 -0.059919
v 0.081827 -0.047009 -0.022098
v 0.021293 -0.044425 -0.023069
v 0.021293 0.051608 0.020484
v 0.013482 0.048051 0.018871
v 0.087685 -0.045231 -0.021292
v 0.081827 0.052580 0.023068
v 1.230029 -0.043122 -0.011758
v 1.190974 -0.041344 -0.010952
v 1.503410 -0.012083 0.000175
v 0.007624 -0.044425 -0.023069
v -0.029478 -0.040868 -0.021456
v -0.029478 0.048051 0.018871
v -0.058769 0.044494 0.017257
v 0.013482 -0.040868 -0.021456
v 0.007624 0.051608 0.020484
v -0.375111 0.053863 0.010785
v -0.259899 0.052084 0.009978
v -0.062674 -0.042646 -0.022263
v -0.072438 -0.040868 -0.021456
v -0.072438 0.046273 0.018064
v -0.127114 0.046273 0.018064
v -0.058769 -0.039090 -0.020650
v -0.062674 0.048051 0.018871
v 0.312249 -0.047340 -0.030824
v 0.251714 -0.026205 -0.072699
v 0.226329 -0.046388 -0.051834
v 0.234140 -0.029120 -0.080453
v 1.272989 0.036720 -0.003422
v 1.190974 0.025098 0.012749
v 1.230029 0.031384 -0.005842
v -0.279427 0.054359 0.023875
v -0.259899 0.044164 0.008531
v -0.220845 -0.037311 -0.019843
v -0.228656 -0.045727 -0.034381
v -0.213034 -0.037311 -0.019843
v -0.142736 -0.037311 -0.019843
v -0.181790 -0.037311 -0.019843
v -0.181790 0.042716 0.016451
v -0.136878 -0.035533 -0.019036
v -0.142736 0.044494 0.017257
v -0.127114 -0.039090 -0.020650
v -0.136878 0.042716 0.016451
v 1.503410 -0.008527 0.001788
v -0.392685 -0.020188 -0.029231
v -0.373158 -0.046368 -0.028239
v -0.302859 0.063561 0.013039
v -0.213034 0.041744 0.013866
v -0.220845 0.041744 0.013866
v 0.351303 -0.048622 -0.018540
v -0.275521 -0.035387 -0.038268
v 0.351303 -0.042480 -0.017900
v 0.351303 0.025098 0.012749
v 1.190974 -0.042480 -0.017900
v 1.190974 -0.039585 -0.033740
v 1.230029 -0.039585 -0.033740
v -0.388779 0.007129 -0.023274
v -0.345819 0.054338 0.000280
v -0.328245 0.058060 0.006256
v -0.343866 0.046418 -0.001168
v -0.238419 -0.041218 -0.053777
v -0.273568 -0.045086 -0.040523
v 1.272989 0.015339 -0.060290
v 1.272989 -0.015244 -0.106323
v 1.272989 -0.019607 -0.106157
v 1.272989 0.012589 -0.063682
v 1.272989 -0.011687 -0.104709
v -0.332150 -0.045893 -0.038744
v -0.365346 -0.043473 -0.044079
v 0.142362 -0.037972 -0.037296
v 0.095496 -0.035387 -0.038268
v 0.095496 0.055310 0.002865
v 0.142362 0.054504 0.004643
v 0.148220 -0.038943 -0.039881
v 0.310296 -0.039585 -0.033740
v 0.351303 0.029130 0.003857
v 0.351303 0.040772 0.011281
v 1.190974 0.029606 -0.006648
v -0.330197 -0.033608 -0.037462
v -0.277474 0.056447 0.009813
v 0.089638 -0.032637 -0.034877
v 0.021293 -0.031831 -0.036656
v 0.081827 -0.033609 -0.037462
v 0.081827 0.055310 0.002865
v 0.089638 0.050946 0.003030
v -0.392685 0.035252 -0.019096
v -0.302859 -0.032161 -0.045382
v -0.220845 0.041083 -0.003587
v -0.267710 0.056428 -0.013782
v -0.228656 0.050782 -0.001332
v -0.220845 -0.025524 -0.031651
v -0.213034 -0.025524 -0.031651
v -0.181790 -0.025524 -0.031651
v -0.142736 0.045611 0.000611
v -0.181790 0.043834 -0.000196
v -0.136878 -0.024552 -0.029065
v -0.142736 -0.027302 -0.032457
v -0.127114 0.047390 0.001417
v -0.136878 0.043027 0.001583
v -0.127114 -0.027302 -0.032457
v -0.070485 0.049975 0.000445
v -0.070485 -0.028274 -0.035042
v -0.062674 0.049975 0.000445
v -0.062674 -0.030052 -0.035849
v -0.058769 0.047390 0.001417
v -0.058769 -0.027302 -0.032457
v -0.029478 0.049975 0.000445
v -0.029478 -0.030052 -0.035849
v 0.009576 0.053532 0.002058
v 0.013482 -0.030052 -0.035849
v 0.009576 -0.031831 -0.036656
v 0.013482 0.049975 0.000445
v 0.021293 0.053532 0.002058
v 0.150173 0.042345 -0.039465
v 0.142362 0.051093 -0.016201
v 0.292721 0.048692 0.012729
v -0.213034 0.042055 -0.001002
v 0.224376 0.047040 -0.030904
v -0.382921 -0.016652 -0.051213
v 0.351303 0.042385 0.007724
v -0.371205 0.058371 -0.008612
v 0.292721 0.034591 -0.036550
v 0.226329 0.043482 -0.032518
v 0.251714 0.029236 -0.062565
v 0.351303 0.029606 -0.006648
v 0.312249 0.029752 -0.025880
v -0.269663 0.047701 -0.013451
v -0.283332 0.059508 -0.001663
v -0.320434 0.059343 -0.006026
v -0.295048 0.059984 -0.012169
v -0.306765 0.059984 -0.012169
v 0.206802 0.044645 -0.186370
v 0.173605 0.041254 -0.183620
v 0.183369 0.043838 -0.184591
v 0.224376 0.034551 -0.083740
v 1.190974 -0.033133 -0.047966
v 0.310296 -0.033133 -0.047966
v 1.230029 -0.034104 -0.050551
v -0.306765 -0.041860 -0.047636
v -0.353630 -0.041383 -0.058141
v -0.338008 -0.039130 -0.067839
v -0.136878 -0.010820 -0.035704
v -0.142736 0.040587 -0.016677
v -0.127114 0.042366 -0.015870
v -0.136878 0.038974 -0.013121
v 0.214612 0.037697 -0.185233
v -0.379016 0.009858 -0.043478
v -0.267711 -0.039295 -0.072203
v -0.220845 -0.011793 -0.038288
v -0.213034 -0.011793 -0.038288
v -0.181790 0.038002 -0.015705
v -0.213034 0.038002 -0.015705
v -0.181790 -0.011793 -0.038288
v -0.142736 -0.010986 -0.040067
v -0.127114 -0.012764 -0.040873
v -0.070485 0.044950 -0.016843
v -0.062674 -0.015514 -0.044265
v -0.058769 -0.012764 -0.040873
v -0.058769 0.042366 -0.015870
v -0.029478 0.046729 -0.016036
v 0.089638 -0.015514 -0.044265
v 0.097449 -0.015680 -0.048628
v 0.081827 0.049314 -0.017008
v 0.089638 0.046729 -0.016036
v 0.142362 -0.018265 -0.047657
v 0.351303 0.019082 -0.030719
v 1.230029 0.018750 -0.039445
v 1.190974 0.019082 -0.030719
v -0.334103 0.057875 -0.021701
v -0.332150 0.049148 -0.021371
v -0.220845 0.038809 -0.017484
v -0.070485 -0.013736 -0.043458
v -0.062674 0.046729 -0.016036
v -0.029478 -0.013736 -0.043458
v 0.009576 0.049314 -0.017008
v 0.015435 -0.013736 -0.043458
v 0.009576 -0.014708 -0.046043
v 0.021293 -0.014708 -0.046043
v 0.015435 0.046729 -0.016036
v 0.021293 0.049314 -0.017008
v 0.081827 -0.016486 -0.046850
v 0.097449 0.051899 -0.017979
v 0.150173 -0.017459 -0.049434
v -0.367299 -0.014728 -0.069638
v -0.363394 0.061267 -0.024452
v -0.232561 0.054483 -0.018952
v -0.382921 0.038789 -0.041078
v -0.318482 -0.037682 -0.075760
v -0.283332 -0.037682 -0.075760
v -0.300907 -0.038653 -0.078344
v -0.289190 0.050596 -0.029291
v -0.136878 0.004855 -0.037171
v -0.142736 0.031365 -0.029436
v -0.127114 0.031365 -0.029436
v -0.136878 0.027973 -0.026687
v -0.220845 0.005661 -0.038949
v -0.226703 -0.012454 -0.055741
v -0.213034 0.003882 -0.039756
v -0.181790 0.028779 -0.028464
v -0.213034 0.028779 -0.028464
v -0.181790 0.005661 -0.038949
v 0.146267 0.005165 -0.052040
v 1.190974 -0.019918 -0.091289
v 0.253667 -0.014748 -0.093232
v 0.310296 -0.018139 -0.090482
v 1.230029 -0.020890 -0.093874
v -0.220845 0.028779 -0.028464
v -0.228656 0.036679 -0.050612
v -0.142736 0.006468 -0.040728
v -0.127114 0.004689 -0.041534
v -0.070485 0.033950 -0.030408
v -0.062674 0.004523 -0.045897
v -0.058769 0.002910 -0.042341
v -0.058769 0.033143 -0.028630
v -0.029478 0.036534 -0.031380
v -0.070485 0.003717 -0.044120
v -0.062674 0.036534 -0.031380
v -0.029478 0.004523 -0.045897
v 0.009576 0.039119 -0.032352
v 0.015435 0.004523 -0.045897
v 0.021293 0.003552 -0.048482
v 0.015435 0.036534 -0.031380
v 0.089638 0.004523 -0.045897
v 0.097449 0.004359 -0.050261
v 0.081827 0.039926 -0.034130
v 0.089638 0.036534 -0.031380
v -0.347772 -0.012639 -0.083700
v -0.312623 0.050431 -0.033654
v -0.242325 0.057379 -0.034792
v -0.289190 0.059322 -0.029622
v -0.136878 0.018916 -0.035082
v -0.142736 0.019723 -0.036861
v -0.127114 0.019723 -0.036861
v 0.009576 0.003552 -0.048482
v 0.021293 0.039119 -0.032352
v 0.081827 0.004359 -0.050261
v 0.142362 0.004359 -0.050261
v 0.142362 0.039926 -0.034130
v 0.310296 0.019723 -0.036861
v 0.251714 0.017759 -0.065625
v 1.190974 0.014552 -0.034917
v 0.351303 0.014552 -0.034917
v -0.220845 0.017944 -0.037667
v -0.228656 0.010169 -0.058347
v -0.213034 0.017138 -0.035889
v -0.181790 0.018916 -0.035082
v 0.097449 0.039926 -0.034130
v 1.190974 -0.009413 -0.090812
v 0.251714 0.004649 -0.088724
v 0.310296 -0.007635 -0.090006
v 1.230029 0.012443 -0.044450
v 1.230029 -0.009578 -0.095176
v -0.363394 0.013561 -0.061097
v -0.312623 0.059158 -0.033985
v -0.070485 0.021336 -0.040417
v -0.062674 0.022142 -0.042196
v -0.058769 0.020529 -0.038638
v -0.029478 0.022142 -0.042196
v -0.367299 0.042491 -0.058697
v -0.351677 0.063355 -0.038514
v 0.009576 0.022949 -0.043974
v 0.015435 0.022142 -0.042196
v 0.021293 0.022949 -0.043974
v 0.089638 0.022142 -0.042196
v 0.097449 0.023755 -0.045752
v 0.081827 0.023755 -0.045752
v -0.324339 -0.011191 -0.091619
v -0.248183 -0.010530 -0.074167
v 0.142362 0.023755 -0.045752
v 0.234140 0.025824 -0.083409
v 0.157983 0.024191 -0.103447
v 0.150173 0.007710 -0.100201
v -0.304812 0.064142 -0.063887
v -0.273568 0.061722 -0.058551
v -0.298954 -0.011357 -0.095983
v -0.271616 -0.008441 -0.088229
v -0.338008 0.064638 -0.050797
v -0.322386 0.064307 -0.059523
v 0.234140 -0.011687 -0.104710
v -0.343866 0.015650 -0.075158
v -0.347772 0.044580 -0.072759
v 0.234140 0.007710 -0.100201
v -0.267711 0.042471 -0.082292
v -0.322386 0.017098 -0.083078
v -0.269664 0.017904 -0.084857
v -0.324339 0.045055 -0.083264
v 0.310296 -0.012970 -0.092426
v 1.190974 -0.016526 -0.094039
v 1.230029 -0.017498 -0.096624
v -0.298954 0.016932 -0.087441
v -0.298954 0.043112 -0.088434
v 0.253667 -0.006993 -0.096148
v 0.234140 -0.003932 -0.107625
v 0.161889 0.002791 -0.183910
v 0.232187 0.010936 -0.107314
v 0.230234 -0.004263 -0.116352
v 0.224376 0.014102 -0.185213
v 0.169700 0.025579 -0.182152
v 0.191180 -0.037306 -0.204238
v 0.173605 -0.032136 -0.206183
v 0.222423 -0.025188 -0.207319
v 0.206802 -0.034721 -0.205210
v 0.154078 0.002460 -0.192637
v 0.157983 -0.013545 -0.199896
v 0.230234 -0.006432 -0.196669
v 0.156031 0.020885 -0.190713
v 0.210707 -0.036829 -0.214743
v 0.191180 -0.040387 -0.216357
v 0.226329 -0.024712 -0.217825
v 0.161889 -0.025188 -0.207319
v 0.173605 -0.035216 -0.218301
v 0.232187 0.011186 -0.192967
v 0.150173 -0.009678 -0.213151
v 0.146267 0.007133 -0.207670
v 0.157983 -0.025684 -0.220410
v 0.161889 0.035753 -0.190402
v 0.238045 -0.004343 -0.210731
v 0.239998 0.013276 -0.207029
v 0.212660 -0.034906 -0.233169
v 0.193133 -0.038463 -0.234782
v 0.228282 -0.023429 -0.230107
v 0.230234 0.026054 -0.192656
v 0.238045 0.029922 -0.205912
v 0.148220 0.024752 -0.203968
v 0.171653 -0.034100 -0.234947
v 0.171653 0.046258 -0.189926
v 0.222423 0.041729 -0.194124
v 0.226329 0.046568 -0.204794
v 0.156031 0.041399 -0.202851
v 0.191180 0.051428 -0.191870
v 0.239998 -0.003226 -0.227377
v 0.156031 -0.023595 -0.234471
v 0.146267 -0.006783 -0.228990
v 0.142362 0.010836 -0.225289
v 0.169700 0.053682 -0.201568
v 0.210707 0.051262 -0.196233
v 0.238045 0.033790 -0.219166
v 0.144314 0.029426 -0.219002
v 0.191180 0.059659 -0.205291
v 0.212660 -0.027648 -0.249174
v 0.193133 -0.030397 -0.252566
v 0.226329 -0.019562 -0.243363
v 0.173605 -0.026841 -0.250953
v 0.210707 0.057715 -0.210460
v 0.226329 0.049629 -0.216272
v 0.154078 0.045266 -0.216106
v 0.157983 -0.017949 -0.246920
v 0.150173 -0.001302 -0.245803
v 0.167747 0.058356 -0.216602
v 0.146267 0.016316 -0.242100
v 0.148220 0.032322 -0.234841
v 0.189227 0.063360 -0.222909
v 0.224376 -0.010360 -0.254198
v 0.156031 0.047355 -0.230167
v 0.210707 -0.014082 -0.260175
v 0.177511 -0.015053 -0.262760
v 0.163842 -0.011331 -0.256783
v 0.193133 -0.016831 -0.263567
v 0.167747 0.056888 -0.232277
v 0.157983 0.003537 -0.256472
v 0.156031 0.019377 -0.253577
v 0.157983 0.034410 -0.248904
v 0.212660 0.003206 -0.265199
v 0.159936 0.046052 -0.241480
v 0.187274 0.060114 -0.239390
v 0.193133 0.003041 -0.269563
v 0.173605 0.004013 -0.266978
v 0.175558 0.051057 -0.247787
v 0.171653 0.021631 -0.263275
v 0.173605 0.038443 -0.257795
v 0.193133 0.044585 -0.257155
v 0.193133 0.023245 -0.266833
v 0.210707 -0.022678 0.274111
v 0.228282 -0.034486 0.262323
v 0.226329 -0.021231 0.266190
v 0.191180 0.012063 0.268424
v 0.238045 -0.030618 0.249068
v 0.236092 -0.015585 0.253742
v 0.234140 -0.046624 0.241809
v 0.224376 0.005590 0.259056
v 0.228282 -0.056983 0.222101
v 0.191180 0.025463 0.253060
v 0.238045 -0.041950 0.226776
v 0.243903 -0.025138 0.232256
v 0.228282 0.013015 0.247414
v 0.226329 -0.050531 0.207875
v 0.238045 -0.037276 0.211742
v 0.241951 -0.017879 0.216250
v 0.239998 -0.000902 0.226094
v 0.226329 0.016882 0.234159
v 0.193133 0.031750 0.234470
v 0.230234 -0.029046 0.198321
v 0.234140 -0.012233 0.203802
v 0.224376 0.018164 0.221876
v 0.208754 0.025919 0.218961
v 0.232187 0.003772 0.211060
v 0.193133 0.029311 0.216210
v 0.177511 0.026726 0.217182
v 0.171653 0.012975 0.200225
v 0.214612 0.012168 0.202003
v 0.212660 0.089264 0.022553
v 0.161889 0.084902 0.022717
v 0.234140 0.008716 0.133969
v 0.234140 0.020339 0.117798
v 1.272989 -0.006152 0.133659
v 1.272989 0.003547 0.135913
v 1.272989 -0.027843 0.091659
v 1.230029 0.005635 0.121851
v 1.272989 0.005801 0.126214
v 0.253667 0.008221 0.120879
v 0.253667 0.017258 0.105681
v 1.190974 0.005470 0.117488
v 0.310296 0.008221 0.120879
v 1.499505 -0.009974 0.009709
v 1.190974 0.017548 0.067218
v 0.310296 0.011447 0.113765
v 0.292721 0.027247 0.069472
v 0.251714 0.032582 0.071891
v 0.310296 0.022883 0.069637
v -0.285285 0.013536 0.099704
v -0.326292 0.040832 0.082065
v -0.242325 0.016265 0.079500
v -0.271616 0.039861 0.079480
v -0.226703 0.017383 0.062854
v 0.095496 0.013186 0.067382
v 1.272989 0.024496 0.066080
v 1.444828 0.005701 0.008241
v -0.332150 0.045652 0.047801
v -0.181790 0.011718 0.051708
v 0.081827 0.031114 0.056217
v 0.351303 0.017383 0.062854
v 0.312249 0.029336 0.055410
v 1.190974 0.009298 0.057044
v 0.019340 0.030142 0.053631
v 0.310296 0.034175 0.044740
v 1.272989 0.031900 0.030843
v -0.242325 0.044204 0.055721
v -0.136878 0.012524 0.049930
v -0.064627 0.028199 0.048462
v 0.224376 0.046478 0.069617
v 0.286863 0.059528 0.021931
v 0.224376 0.077788 0.019491
v -0.213034 0.025283 0.040707
v 1.230029 0.024787 0.027617
v 0.019340 0.042736 0.040046
v 0.007624 0.043542 0.038267
v -0.232561 0.046128 0.037295
v -0.058769 0.037235 0.033262
v -0.127114 0.039820 0.032291
v 0.214612 -0.014828 -0.187612
v -0.291143 0.052104 0.033574
v -0.142736 0.038042 0.031485
v -0.230608 0.048051 0.018871
v 0.298580 0.048051 0.018871
v -0.345819 0.049188 0.025819
v 0.095496 0.052580 0.023068
v 1.442876 -0.026621 0.008591
v 1.272989 -0.040577 -0.059919
v 0.021293 0.051608 0.020484
v 0.007624 0.051608 0.020484
v -0.127114 0.046273 0.018064
v -0.062674 0.048051 0.018871
v 1.272989 0.036720 -0.003422
v 1.230029 0.031384 -0.005842
v -0.142736 0.044494 0.017257
v 1.503410 -0.008527 0.001788
v -0.302859 0.063561 0.013039
v -0.213034 0.041744 0.013866
v -0.238419 -0.041218 -0.053777
v 1.272989 0.012589 -0.063682
v 1.272989 -0.011687 -0.104709
v 0.351303 0.040772 0.011281
v 1.190974 0.029606 -0.006648
v 0.081827 0.055310 0.002865
v -0.267710 0.056428 -0.013782
v -0.181790 0.043834 -0.000196
v -0.127114 0.047390 0.001417
v -0.062674 0.049975 0.000445
v -0.029478 0.049975 0.000445
v 0.021293 0.053532 0.002058
v 0.150173 0.042345 -0.039465
v 0.142362 0.051093 -0.016201
v -0.213034 0.042055 -0.001002
v 0.224376 0.047040 -0.030904
v 0.351303 0.042385 0.007724
v -0.371205 0.058371 -0.008612
v 0.292721 0.034591 -0.036550
v 0.251714 0.029236 -0.062565
v 0.312249 0.029752 -0.025880
v -0.283332 0.059508 -0.001663
v -0.320434 0.059343 -0.006026
v 0.224376 0.034551 -0.083740
v -0.142736 0.040587 -0.016677
v -0.127114 0.042366 -0.015870
v -0.136878 0.038974 -0.013121
v 0.214612 0.037697 -0.185233
v -0.267711 -0.039295 -0.072203
v -0.213034 -0.011793 -0.038288
v -0.213034 0.038002 -0.015705
v -0.181790 -0.011793 -0.038288
v -0.127114 -0.012764 -0.040873
v -0.062674 -0.015514 -0.044265
v -0.058769 0.042366 -0.015870
v 0.081827 0.049314 -0.017008
v 0.351303 0.019082 -0.030719
v 1.230029 0.018750 -0.039445
v 1.190974 0.019082 -0.030719
v -0.334103 0.057875 -0.021701
v 0.009576 0.049314 -0.017008
v 0.021293 0.049314 -0.017008
v 0.097449 0.051899 -0.017979
v -0.232561 0.054483 -0.018952
v -0.127114 0.031365 -0.029436
v -0.226703 -0.012454 -0.055741
v -0.181790 0.028779 -0.028464
v -0.213034 0.028779 -0.028464
v -0.181790 0.005661 -0.038949
v 0.310296 -0.018139 -0.090482
v -0.228656 0.036679 -0.050612
v -0.127114 0.004689 -0.041534
v -0.070485 0.033950 -0.030408
v -0.058769 0.002910 -0.042341
v -0.029478 0.036534 -0.031380
v -0.029478 0.004523 -0.045897
v 0.015435 0.036534 -0.031380
v -0.242325 0.057379 -0.034792
v -0.289190 0.059322 -0.029622
v 0.021293 0.039119 -0.032352
v 0.310296 0.019723 -0.036861
v 0.351303 0.014552 -0.034917
v -0.228656 0.010169 -0.058347
v -0.213034 0.017138 -0.035889
v -0.181790 0.018916 -0.035082
v 0.097449 0.039926 -0.034130
v 1.190974 -0.009413 -0.090812
v 0.251714 0.004649 -0.088724
v 0.310296 -0.007635 -0.090006
v 1.230029 0.012443 -0.044450
v 1.230029 -0.009578 -0.095176
v -0.058769 0.020529 -0.038638
v -0.029478 0.022142 -0.042196
v -0.367299 0.042491 -0.058697
v -0.351677 0.063355 -0.038514
v 0.021293 0.022949 -0.043974
v 0.081827 0.023755 -0.045752
v -0.248183 -0.010530 -0.074167
v 0.234140 0.025824 -0.083409
v 0.157983 0.024191 -0.103447
v -0.304812 0.064142 -0.063887
v -0.255994 0.059468 -0.048854
v -0.273568 0.061722 -0.058551
v -0.298954 -0.011357 -0.095983
v -0.271616 -0.008441 -0.088229
v -0.322386 0.064307 -0.059523
v -0.246230 0.040382 -0.068230
v -0.246230 0.014844 -0.073379
v -0.267711 0.042471 -0.082292
v -0.269664 0.017904 -0.084857
v -0.324339 0.045055 -0.083264
v 1.230029 -0.017498 -0.096624
v -0.298954 0.043112 -0.088434
v 0.253667 -0.006993 -0.096148
v 0.232187 0.010936 -0.107314
v 0.230234 -0.004263 -0.116352
v 0.224376 0.014102 -0.185213
v 0.238045 -0.004343 -0.210731
v 0.239998 0.013276 -0.207029
v 0.228282 -0.023429 -0.230107
v 0.238045 0.029922 -0.205912
v 0.222423 0.041729 -0.194124
v 0.191180 0.051428 -0.191870
v 0.239998 -0.003226 -0.227377
v 0.241951 0.016171 -0.222869
v 0.210707 0.051262 -0.196233
v 0.238045 0.033790 -0.219166
v 0.191180 0.059659 -0.205291
v 0.226329 -0.019562 -0.243363
v 0.210707 0.057715 -0.210460
v 0.236092 0.001448 -0.242411
v 0.226329 0.049629 -0.216272
v 0.238045 0.019067 -0.238709
v 0.234140 0.035878 -0.233228
v 0.189227 0.063360 -0.222909
v 0.224376 -0.010360 -0.254198
v 0.226329 0.005315 -0.255666
v 0.224376 0.050912 -0.228555
v 0.208754 0.060611 -0.226300
v 0.210707 -0.014082 -0.260175
v 0.167747 0.056888 -0.232277
v 0.228282 0.021155 -0.252771
v 0.226329 0.036189 -0.248097
v 0.212660 0.003206 -0.265199
v 0.220471 0.049610 -0.239866
v 0.187274 0.060114 -0.239390
v 0.204849 0.056558 -0.241003
v 0.193133 0.003041 -0.269563
v 0.212660 0.021631 -0.263275
v 0.210707 0.041193 -0.254403
v 0.193133 0.044585 -0.257155
v 0.193133 0.023245 -0.266833
vn 0.0938 0.3993 -0.9120
vn 0.0978 0.6612 -0.7438
vn -0.3136 0.3815 -0.8696
vn 0.4303 0.5984 -0.6758
vn 0.0762 0.0820 -0.9937
vn 0.4566 0.3647 -0.8115
vn -0.5805 0.1360 -0.8029
vn -0.2929 0.6366 -0.7134
vn 0.0845 0.8811 -0.4654
vn 0.4009 0.7996 -0.4470
vn 0.4318 0.0727 -0.8991
vn -0.2984 -0.2509 -0.9209
vn 0.0462 -0.2732 -0.9609
vn -0.8318 0.5535 0.0419
vn -0.9211 -0.0279 0.3884
vn -0.2750 0.8485 -0.4522
vn -0.6044 0.5759 -0.5505
vn 0.6903 0.5295 -0.4931
vn 0.7214 0.2764 -0.6350
vn -0.6060 -0.2360 -0.7597
vn 0.6087 0.7011 -0.3714
vn 0.3925 -0.2720 -0.8786
vn 0.6996 0.0020 -0.7145
vn -0.2912 0.9441 -0.1548
vn 0.0520 0.9922 -0.1137
vn 0.0727 -0.9146 -0.3978
vn 0.3689 -0.5678 -0.7359
vn -0.5135 0.7441 -0.4274
vn -0.6106 0.7670 -0.1974
vn -0.4681 0.1115 0.8766
vn -0.8194 -0.1733 0.5465
vn 0.3759 0.9205 -0.1065
vn -0.3021 -0.5841 -0.7534
vn -0.7363 0.5538 0.3889
vn -0.8109 -0.5696 -0.1340
vn 0.8522 0.4680 -0.2339
vn 0.9190 0.1716 -0.3550
vn 0.6259 -0.2249 -0.7468
vn 0.6995 -0.3983 -0.5934
vn 0.6869 0.7166 -0.1211
vn 0.8813 -0.1355 -0.4527
vn -0.3607 0.9088 0.2097
vn 0.0481 0.9643 0.2602
vn -0.5181 0.5863 0.6227
vn 0.3931 0.8790 0.2698
vn 0.0328 -0.9987 0.0397
vn 0.3808 -0.8071 -0.4512
vn -0.3437 0.2565 0.9034
vn -0.7282 -0.0790 0.6808
vn -0.9318 -0.2699 -0.2427
vn -0.3701 -0.8097 -0.4554
vn -0.7567 -0.6237 0.1960
vn 0.9237 0.3648 0.1172
vn 0.9991 0.0413 0.0009
vn 0.7149 0.6647 0.2170
vn 0.7387 -0.5822 -0.3396
vn 0.9523 -0.2674 -0.1471
vn -0.4471 0.3956 0.8022
vn -0.3970 0.7055 0.5872
vn -0.2621 0.1347 0.9556
vn 0.0064 0.7888 0.6147
vn -0.4229 -0.0692 0.9035
vn 0.3542 0.7200 0.5968
vn -0.6920 -0.2493 0.6775
vn -0.4954 -0.5468 0.6749
vn 0.6463 0.5404 0.5388
vn -0.0192 -0.9122 0.4094
vn 0.3473 -0.9358 -0.0608
vn -0.3933 -0.9163 -0.0757
vn 0.8448 0.2520 0.4721
vn 0.7007 -0.7133 0.0171
vn 0.8913 -0.4081 0.1974
vn 0.9279 -0.0977 0.3597
vn -0.4223 0.1350 0.8963
vn -0.6143 0.4035 0.6781
vn -0.3874 -0.1608 0.9078
vn 0.5368 0.7491 0.3882
vn 0.5648 0.4009 0.7213
vn -0.4761 0.7914 0.3835
vn -0.2645 -0.4165 0.8698
vn -0.1890 -0.5577 0.8083
vn -0.2568 -0.1867 0.9483
vn 0.0142 0.9655 0.2602
vn 0.7055 0.1703 0.6879
vn 0.5708 -0.7524 0.3287
vn 0.6847 -0.5196 0.5110
vn -0.0325 -0.6094 0.7922
vn 0.2277 -0.7068 0.6698
vn 0.7512 -0.2209 0.6220
vn -0.7999 0.4495 0.3976
vn 0.0753 0.9941 0.0785
vn -0.3854 0.9210 0.0567
vn -0.9485 -0.0945 0.3024
vn 0.6592 -0.5833 0.4745
vn 0.5759 0.8175 0.0022
vn 0.8607 0.3597 0.3603
vn 0.8119 0.5315 -0.2415
vn -0.3533 -0.5010 0.7900
vn -0.9426 0.0055 -0.3340
vn -0.8470 0.4558 -0.2735
vn -0.7315 0.6140 -0.2964
vn -0.6149 0.7802 0.1147
vn 0.3035 -0.9427 0.1383
vn 0.9483 -0.0682 0.3101
vn 0.9789 0.1800 0.0968
vn -0.0704 -0.4727 0.8784
vn -0.8235 -0.4887 -0.2883
vn -0.5804 -0.6461 -0.4956
vn 0.9220 0.0466 -0.3844
vn 0.4420 -0.7451 0.4995
vn 0.7440 -0.5015 -0.4415
vn -0.7247 0.1313 -0.6764
vn -0.5525 0.6432 -0.5301
vn -0.3325 0.8147 -0.4750
vn -0.7834 -0.6203 0.0386
vn -0.2754 -0.8231 0.4966
vn 0.4173 -0.8284 -0.3737
vn -0.2747 0.2496 -0.9286
vn -0.3377 0.7091 -0.6190
vn -0.4202 0.5625 -0.7121
vn -0.2073 0.9238 -0.3218
vn -0.3092 -0.9491 -0.0599
vn 0.0949 -0.5685 -0.8172
vn -0.4942 0.5906 -0.6379
vn 0.0972 0.6051 -0.7902
vn 0.0800 0.8461 -0.5270
vn -0.0859 0.9957 -0.0349
vn 0.0322 -0.9597 0.2790
vn -0.0776 -0.9614 0.2641
vn -0.5942 -0.4590 -0.6605
vn -0.8418 -0.4040 0.3580
vn 0.0363 -0.6009 -0.7985
vn 0.0344 0.5908 -0.8061
vn 0.0234 0.8946 -0.4463
vn 0.0023 0.2707 -0.9627
vn 0.0005 0.7985 -0.6020
vn 0.0122 -0.7862 0.6178
vn -0.6181 0.5806 -0.5299
vn 0.5820 0.4447 -0.6808
vn 0.0004 -0.9591 -0.2829
vn 0.0558 -0.9446 -0.3235
vn -0.0735 -0.9388 -0.3364
vn -0.6017 -0.6669 0.4395
vn -0.2762 0.6509 -0.7072
vn -0.2601 0.8421 -0.4725
vn -0.0678 0.8915 -0.4479
vn -0.2635 0.5471 -0.7945
vn 0.0673 -0.5365 0.8412
vn -0.0021 -0.4872 0.8733
vn 0.0712 0.3958 -0.9156
vn -0.1567 0.4022 -0.9020
vn 0.0903 0.1382 -0.9863
vn -0.0941 0.9540 -0.2847
vn 0.3027 0.4069 -0.8619
vn 0.0512 0.9502 -0.3075
vn 0.3088 0.1244 -0.9429
vn -0.4027 0.4114 -0.8177
vn -0.1470 0.1353 -0.9798
vn -0.2270 0.9418 -0.2478
vn -0.1582 -0.9001 0.4060
vn 0.1633 0.9499 -0.2663
vn 0.5307 0.3919 -0.7515
vn 0.5243 0.1100 -0.8444
vn -0.4091 0.1088 -0.9060
vn -0.5839 0.3742 -0.7205
vn -0.2727 0.9389 -0.2102
vn 0.0875 0.8478 -0.5230
vn -0.0741 0.8542 -0.5146
vn -0.2001 0.9437 -0.2633
vn -0.0445 0.9503 -0.3082
vn 0.1249 0.7464 0.6537
vn -0.1519 0.7502 0.6436
vn 0.0780 -0.1311 -0.9883
vn 0.3125 -0.1290 -0.9411
vn -0.2407 -0.1476 -0.9593
vn 0.2629 0.9399 -0.2178
vn 0.7422 0.0885 -0.6643
vn 0.7288 0.3402 -0.5943
vn 0.0295 0.9640 -0.2644
vn 0.0682 0.9503 -0.3037
vn 0.5154 -0.1646 -0.8410
vn 0.0209 -0.8093 -0.5871
vn 0.1402 -0.9366 -0.3212
vn -0.4013 -0.1356 -0.9059
vn -0.0884 -0.8298 -0.5510
vn -0.4257 0.7793 -0.4598
vn -0.5981 0.6724 -0.4361
vn -0.6084 0.0871 -0.7889
vn -0.3350 0.9261 -0.1736
vn -0.7612 0.3587 -0.5403
vn 0.2265 -0.8448 -0.4847
vn -0.9164 -0.2242 -0.3316
vn -0.2195 -0.9229 -0.3165
vn 0.7116 -0.1990 -0.6738
vn 0.3535 0.9242 -0.1448
vn 0.8725 0.3223 -0.3673
vn 0.9016 0.0686 -0.4270
vn 0.3773 0.7769 0.5041
vn -0.6478 0.1260 -0.7513
vn 0.2048 0.4467 -0.8709
vn 0.9466 0.2395 -0.2157
vn 0.4072 0.1334 -0.9035
vn 0.2350 -0.3106 -0.9210
vn 0.1167 0.6947 -0.7097
vn -0.1715 0.6110 -0.7728
vn 0.3204 -0.8552 -0.4075
vn 0.3124 0.3924 -0.8651
vn 0.2985 0.6653 -0.6843
vn 0.0266 0.4129 -0.9104
vn 0.3075 0.0722 -0.9488
vn 0.0214 0.0804 -0.9965
vn -0.5092 0.8436 -0.1702
vn -0.6410 0.7455 0.1827
vn -0.6193 0.6824 -0.3883
vn -0.3891 0.9182 -0.0744
vn -0.5925 0.6019 -0.5354
vn -0.5314 0.7983 -0.2835
vn -0.2762 0.3970 -0.8753
vn 0.3060 0.3932 -0.8670
vn -0.2587 0.6797 -0.6864
vn -0.2729 0.0640 -0.9599
vn 0.0252 0.6891 -0.7243
vn 0.5066 0.7528 -0.4203
vn -0.9593 -0.2696 -0.0845
vn -0.2762 -0.8244 -0.4940
vn 0.3144 0.6814 -0.6610
vn 0.3144 0.0483 -0.9480
vn 0.0717 0.4120 -0.9084
vn 0.0563 0.0530 -0.9970
vn 0.2780 0.8554 -0.4370
vn 0.3967 -0.3624 -0.8433
vn 0.0054 -0.2586 -0.9660
vn 0.1495 0.8782 -0.4543
vn -0.7466 0.5275 0.4054
vn -0.3537 0.9339 0.0531
vn 0.3084 0.9396 0.1486
vn -0.4450 0.4940 0.7470
vn 0.0944 0.8483 0.5210
vn -0.0207 0.9977 -0.0640
vn -0.4261 0.7714 0.4726
vn 0.4214 0.9062 -0.0368
vn -0.1994 0.4047 -0.8924
vn 0.1095 0.4105 -0.9052
vn 0.1128 0.7219 -0.6828
vn 0.1128 0.0381 -0.9929
vn -0.2036 0.7078 -0.6764
vn 0.0563 0.7152 -0.6967
vn -0.2036 0.0426 -0.9781
vn 0.3019 0.8697 -0.3905
vn 0.0428 0.8990 -0.4359
vn -0.2193 0.8885 -0.4030
vn 0.3019 -0.2792 -0.9116
vn -0.2782 -0.2912 -0.9153
vn 0.8595 -0.2240 -0.4595
vn 0.1535 0.7784 0.6087
vn -0.0766 0.7686 0.6351
vn -0.0537 -0.9418 0.3320
vn 0.4277 0.7682 0.4764
vn -0.2732 0.3973 -0.8761
vn -0.2679 0.0400 -0.9626
vn 0.1176 0.4102 -0.9044
vn 0.1307 0.7209 -0.6806
vn -0.2708 0.6878 -0.6735
vn -0.3365 0.3889 -0.8576
vn -0.2974 -0.0109 -0.9547
vn -0.3186 0.7141 -0.6233
vn 0.1124 0.9214 -0.3719
vn 0.0692 0.9212 -0.3830
vn -0.1788 0.9121 -0.3688
vn 0.1106 -0.3470 -0.9313
vn -0.1741 -0.3338 -0.9264
vn 0.0692 -0.3188 -0.9453
vn 0.2447 -0.9132 0.3259
vn 0.5719 0.7844 0.2402
vn 0.2113 0.4037 -0.8901
vn 0.2172 0.7275 -0.6508
vn 0.2172 0.0103 -0.9761
vn 0.1160 0.0291 -0.9928
vn 0.0795 -0.9533 -0.2915
vn -0.0219 -0.9506 0.3097
vn -0.1499 -0.6354 0.7575
vn -0.2545 -0.7203 0.6453
vn 0.1748 0.9598 -0.2194
vn -0.3347 0.8291 0.4479
vn 0.3624 0.9268 -0.0983
vn -0.0634 0.9777 -0.2004
vn -0.2547 0.3572 -0.8986
vn -0.0438 0.4126 -0.9098
vn -0.0598 0.7461 -0.6632
vn 0.1662 0.9149 -0.3679
vn -0.1830 0.9170 -0.3545
vn -0.1899 -0.3306 -0.9245
vn -0.2310 -0.3666 -0.9012
vn -0.2954 0.8928 -0.3401
vn 0.2254 0.9690 -0.1009
vn 0.3563 -0.8757 -0.3257
vn -0.2002 0.4047 -0.8923
vn 0.0478 0.3996 -0.9155
vn -0.2076 0.7248 -0.6569
vn -0.2076 0.0167 -0.9781
vn 0.2324 0.9011 -0.3660
vn 0.2054 -0.3323 -0.9205
vn 0.1012 -0.3598 -0.9275
vn 0.2001 0.9726 -0.1181
vn 0.2656 0.9597 -0.0924
vn 0.2991 -0.6059 -0.7371
vn -0.0265 -0.6299 -0.7762
vn 0.2789 -0.5941 -0.7545
vn -0.0345 0.3540 -0.9346
vn 0.0212 -0.0001 -0.9998
vn -0.5211 0.0178 -0.8533
vn -0.1296 0.7234 -0.6782
vn 0.0588 0.0229 -0.9980
vn 0.0445 0.7358 -0.6757
vn 0.0398 0.9262 -0.3750
vn -0.0324 0.9400 -0.3396
vn -0.2213 0.9183 -0.3282
vn -0.0598 0.0074 -0.9982
vn 0.0751 -0.4376 -0.8960
vn -0.1922 -0.3511 -0.9164
vn 0.2744 0.9601 -0.0529
vn 0.0785 0.9961 -0.0400
vn -0.1764 0.9828 -0.0544
vn -0.4045 -0.8682 -0.2875
vn -0.0821 -0.3148 0.9456
vn -0.3808 -0.1465 0.9130
vn 0.3926 -0.9111 0.1258
vn 0.0737 -0.7065 0.7039
vn 0.9484 0.2805 -0.1476
vn 0.9789 0.0347 -0.2014
vn 0.0683 -0.6189 -0.7825
vn 0.3974 -0.8583 -0.3246
vn -0.4190 -0.5658 -0.7102
vn -0.6520 -0.5202 0.5516
vn -0.1688 0.7728 0.6118
vn 0.7888 0.3384 0.5132
vn 0.0837 0.8134 0.5757
vn 0.0643 -0.4785 0.8757
vn 0.5529 0.8027 0.2236
vn -0.4914 -0.3202 -0.8100
vn -0.4254 -0.8837 0.1951
vn -0.1628 0.9141 -0.3714
vn -0.0508 -0.4676 -0.8825
vn 0.1061 0.9936 -0.0390
vn 0.0683 0.9964 -0.0499
vn -0.1641 0.9858 -0.0364
vn -0.1530 -0.6218 -0.7681
vn -0.1058 -0.9063 0.4092
vn -0.6820 -0.6643 0.3058
vn -0.5461 0.8031 0.2382
vn 0.4626 0.8846 0.0590
vn 0.0296 -0.3425 -0.9390
vn 0.1558 0.9876 -0.0201
vn -0.1791 0.9831 -0.0378
vn -0.2262 -0.7717 -0.5945
vn -0.2149 -0.6301 -0.7462
vn -0.2833 0.9578 -0.0486
vn 0.1091 -0.6291 -0.7696
vn 0.7314 -0.1837 0.6568
vn -0.2678 -0.5895 -0.7621
vn 0.6400 -0.6997 0.3175
vn 0.6403 -0.5683 -0.5167
vn 0.1151 -0.6517 -0.7497
vn 0.7439 0.6648 0.0690
vn -0.2451 0.9625 -0.1161
vn 0.2370 0.9709 -0.0336
vn 0.0838 -0.6630 -0.7440
vn 0.4482 0.8919 0.0608
vn -0.4676 0.8598 0.2050
vn 0.0439 0.9832 0.1771
vn -0.4080 0.9058 0.1143
vn 0.5545 0.8312 0.0399
vn 0.0044 0.9986 -0.0530
vn 0.1741 -0.6241 -0.7617
vn 0.1524 -0.8299 -0.5366
vn 0.7641 -0.6329 -0.1250
vn -0.4093 -0.3593 0.8387
vn -0.6478 0.7160 0.2601
vn -0.6335 0.7148 -0.2962
vn 0.0873 0.7368 -0.6705
vn -0.6398 0.5959 -0.4853
vn -0.2190 0.7321 -0.6450
vn 0.6672 0.6993 0.2566
vn 0.4907 0.8481 -0.1999
vn -0.0085 0.9894 0.1452
vn 0.9358 -0.2475 -0.2510
vn -0.4697 0.8822 -0.0317
vn 0.0212 0.9980 -0.0597
vn -0.1118 0.9907 -0.0772
vn -0.1421 -0.6485 -0.7478
vn 0.0568 -0.6596 -0.7495
vn -0.2052 0.9785 -0.0194
vn -0.3530 0.9094 0.2200
vn 0.0414 -0.8184 -0.5732
vn -0.4108 -0.6749 -0.6130
vn -0.0089 -0.6297 -0.7768
vn 0.2783 0.9342 0.2233
vn 0.2452 -0.8106 -0.5318
vn -0.0530 -0.8386 -0.5422
vn 0.2400 0.9448 0.2229
vn 0.2737 0.9248 0.2644
vn 0.1102 0.9594 0.2596
vn -0.1505 0.9512 0.2695
vn -0.2721 -0.8080 -0.5226
vn 0.6306 -0.6997 0.3359
vn 0.3912 -0.8838 -0.2564
vn -0.3383 0.9373 0.0842
vn 0.0018 -0.8525 -0.5228
vn 0.3207 -0.9470 0.0180
vn -0.6965 -0.5035 -0.5113
vn 0.2421 -0.9423 0.2314
vn -0.0354 -0.9693 0.2434
vn 0.0018 0.9549 0.2969
vn 0.0940 0.9575 0.2726
vn -0.2086 0.9373 0.2792
vn -0.2401 -0.9705 0.0201
vn 0.1492 0.9802 -0.1300
vn -0.4136 0.8961 -0.1611
vn -0.3412 0.8507 0.3999
vn -0.7432 0.6445 -0.1797
vn 0.0391 -0.8229 -0.5669
vn -0.2616 -0.9522 0.1574
vn 0.3114 -0.8095 -0.4977
vn 0.4884 -0.8644 0.1198
vn -0.4843 -0.8150 0.3182
vn 0.1267 0.9560 0.2648
vn -0.2618 0.9336 0.2446
vn -0.2557 -0.8122 -0.5244
vn -0.3118 -0.9017 -0.2994
vn -0.3312 0.9141 0.2337
vn 0.1176 -0.8271 -0.5497
vn 0.9543 0.2986 0.0134
vn 0.6331 0.7405 -0.2256
vn 0.6172 0.6172 -0.4879
vn 0.9675 0.2388 0.0835
vn 0.4740 0.8619 0.1799
vn 0.2239 0.9346 0.2763
vn 0.0224 0.9618 0.2728
vn 0.0903 -0.8385 -0.5373
vn 0.2063 -0.9785 -0.0065
vn -0.8288 0.4021 0.3890
vn -0.9079 0.3380 0.2479
vn -0.7715 0.5562 0.3088
vn 0.9989 -0.0068 0.0456
vn 0.4502 -0.8897 0.0757
vn -0.2731 -0.9619 -0.0139
vn 0.5271 0.8498 0.0075
vn -0.4643 0.8507 0.2465
vn -0.4558 0.8614 0.2242
vn -0.0344 0.9651 0.2596
vn 0.0060 0.9663 0.2575
vn -0.1548 -0.9879 0.0052
vn 0.0596 -0.8507 -0.5223
vn -0.1834 0.9453 0.2697
vn 0.0133 -0.8456 -0.5337
vn -0.5376 0.8418 -0.0482
vn 0.0347 -0.8540 -0.5191
vn -0.3971 -0.8564 0.3300
vn -0.2787 -0.8155 -0.5072
vn -0.7501 -0.3731 -0.5460
vn -0.2698 -0.8371 0.4758
vn -0.4681 -0.7262 0.5034
vn 0.4418 -0.8382 -0.3199
vn -0.4418 -0.8958 -0.0481
vn 0.9904 0.1276 0.0529
vn 0.9578 0.2391 0.1597
vn -0.5060 0.3737 -0.7774
vn 0.4043 0.8535 0.3288
vn -0.4794 0.8761 -0.0503
vn -0.3470 0.8803 0.3236
vn -0.4280 0.7426 0.5151
vn -0.1725 0.9790 0.1090
vn -0.8513 0.5061 -0.1383
vn 0.9570 -0.2895 -0.0184
vn 0.2598 0.7898 0.5556
vn -0.1871 0.8218 0.5382
vn 0.0636 0.7849 0.6163
vn 0.2288 0.8115 0.5376
vn 0.2898 0.8022 0.5221
vn 0.2806 -0.9221 -0.2665
vn -0.0500 -0.9634 -0.2632
vn 0.2484 -0.9686 0.0054
vn -0.1433 0.7433 0.6535
vn -0.0159 0.7632 0.6460
vn -0.1410 0.8326 0.5356
vn 0.2202 0.8171 0.5329
vn 0.2411 -0.9308 0.2747
vn -0.0767 -0.9633 -0.2571
vn 0.1346 0.8241 0.5502
vn -0.2584 -0.9276 -0.2700
vn 0.0740 0.9915 0.1069
vn 0.0933 0.7388 -0.6674
vn -0.7439 0.3119 0.5910
vn -0.2179 0.8295 0.5143
vn 0.0886 0.8395 0.5361
vn 0.1106 -0.9580 -0.2644
vn -0.3088 -0.9158 -0.2566
vn -0.0672 0.8409 0.5369
vn -0.2372 -0.9269 0.2909
vn 0.4101 -0.8962 -0.1695
vn 0.5562 -0.8122 -0.1758
vn -0.2798 0.8001 0.5306
vn 0.1194 0.8218 0.5572
vn 0.0808 -0.9570 -0.2785
vn 0.1941 -0.9432 0.2695
vn -0.3645 0.7755 0.5155
vn -0.2722 -0.9112 0.3091
vn -0.2674 0.6723 0.6903
vn -0.2210 0.8195 0.5288
vn -0.4124 0.6439 0.6444
vn -0.3836 0.7972 0.4661
vn -0.0308 -0.5568 0.8301
vn 0.1183 -0.6979 -0.7064
vn 0.0351 -0.4278 0.9032
vn -0.4000 -0.8402 -0.3660
vn 0.5055 -0.8420 -0.1886
vn -0.5056 0.7205 0.4746
vn -0.5703 0.7384 0.3598
vn -0.0000 0.8224 0.5689
vn -0.1929 0.8223 0.5353
vn 0.0060 0.8303 0.5573
vn 0.0524 -0.9689 -0.2420
vn -0.0092 0.8220 0.5695
vn -0.1419 -0.9480 0.2847
vn 0.2084 0.8061 0.5538
vn 0.0243 -0.9738 -0.2262
vn -0.2956 -0.1618 0.9415
vn 0.9247 0.1924 0.3285
vn 0.4459 0.8417 0.3044
vn -0.0022 -0.9321 0.3622
vn 0.0422 -0.9566 0.2882
vn -0.3614 -0.9092 -0.2068
vn -0.6645 0.4767 0.5755
vn 0.3536 0.9009 -0.2515
vn -0.4783 0.8266 0.2966
vn -0.8364 -0.3228 -0.4429
vn 0.0093 0.9996 0.0267
vn 0.0046 0.9595 0.2816
vn 0.0803 0.9682 0.2371
vn 0.9557 -0.0531 0.2896
vn -0.5620 -0.7739 -0.2919
vn 0.4290 -0.9023 -0.0420
vn -0.4379 -0.8595 -0.2636
vn -0.2729 0.5452 0.7926
vn 0.3554 0.9033 -0.2403
vn 0.0047 -0.8288 0.5595
vn -0.0957 -0.1186 0.9883
vn -0.0756 0.5657 0.8211
vn 0.0065 -0.3588 0.9334
vn -0.0494 -0.1736 0.9836
vn -0.3610 0.8799 -0.3090
vn 0.4018 0.8311 0.3845
vn 0.1954 0.5860 0.7864
vn 0.2925 0.5612 0.7743
vn 0.2786 -0.9597 0.0357
vn 0.1060 -0.9917 0.0723
vn -0.4530 0.5314 0.7158
vn -0.2889 0.5974 0.7481
vn -0.5242 -0.8477 0.0811
vn -0.6967 -0.5659 0.4408
vn 0.0164 -0.8163 0.5773
vn -0.2904 0.9148 -0.2808
vn -0.4642 -0.8773 -0.1215
vn 0.1526 0.5963 0.7881
vn 0.1761 0.6137 0.7697
vn -0.1467 0.6139 0.7756
vn -0.2459 -0.7743 0.5831
vn 0.0695 -0.9956 0.0625
vn 0.9165 -0.3322 0.2230
vn 0.0544 0.9232 -0.3804
vn -0.4212 -0.9036 0.0783
vn 0.7240 -0.5599 0.4029
vn -0.4786 -0.8743 -0.0808
vn -0.5256 0.4985 0.6894
vn -0.0000 0.5796 0.8149
vn 0.0151 0.5881 0.8087
vn -0.1678 -0.9783 0.1218
vn 0.0368 -0.8396 0.5419
vn -0.0674 0.5881 0.8060
vn -0.2488 0.5813 0.7747
vn 0.1810 -0.8312 0.5256
vn 0.0034 -0.9938 0.1108
vn 0.2308 0.5881 0.7752
vn 0.0718 -0.9956 0.0595
vn 0.1283 0.6086 0.7830
vn -0.2468 -0.8126 0.5280
vn -0.2901 0.5977 0.7474
vn -0.3068 -0.9511 0.0354
vn -0.3609 0.5775 0.7323
vn 0.0958 -0.9503 0.2961
vn 0.0893 0.6171 0.7818
vn -0.2636 -0.9644 0.0209
vn -0.0899 0.6102 0.7872
vn -0.2143 0.6258 0.7500
vn -0.1076 -0.9919 0.0673
vn 0.2000 -0.6621 0.7222
vn 0.5090 -0.3901 0.7673
vn -0.0892 -0.7442 0.6619
vn -0.2948 -0.8793 0.3742
vn 0.0196 -0.7499 0.6613
vn -0.3035 -0.3343 0.8923
vn 0.8204 0.1512 0.5514
vn -0.4475 -0.4661 0.7632
vn 0.3678 -0.9038 0.2189
vn -0.2091 -0.3958 0.8942
vn -0.5154 -0.7804 0.3540
vn -0.3371 -0.4770 0.8117
vn -0.0315 -0.9923 0.1202
vn -0.2311 -0.3839 0.8940
vn 0.3713 -0.8364 -0.4031
vn -0.2989 -0.7764 0.5549
vn 0.2702 -0.8646 0.4236
vn -0.1688 -0.9403 0.2956
vn 0.0713 -0.9588 0.2752
vn -0.4162 -0.8915 -0.1792
vn 0.7156 -0.6950 0.0707
vn 0.3016 -0.9053 -0.2992
vn -0.3611 -0.3120 0.8788
vn 0.0168 0.9385 0.3449
vn -0.0225 0.9234 0.3832
vn 0.1064 0.9394 0.3259
vn -0.0720 0.8700 -0.4878
vn 0.3128 0.8192 0.4807
vn 0.1799 0.8211 0.5417
vn -0.0748 0.2653 0.9613
vn -0.1690 -0.6428 0.7471
vn 0.1474 -0.5613 0.8144
vn -0.0311 -0.6828 0.7299
vn -0.6969 -0.5566 0.4522
vn 0.8411 -0.1036 0.5309
vn -0.1022 0.5500 0.8289
vn -0.5660 0.2530 0.7846
vn 0.0075 0.1698 0.9854
vn 0.0367 -0.8899 0.4547
vn -0.0263 -0.6920 0.7214
vn 0.0111 0.1656 0.9861
vn -0.2695 0.2255 0.9362
vn 0.1640 0.1772 0.9704
vn 0.1115 -0.8862 0.4496
vn -0.2276 0.2360 0.9447
vn -0.3528 0.2583 0.8993
vn -0.2952 -0.7519 0.5895
vn 0.1009 -0.9138 0.3934
vn 0.0793 0.2938 0.9526
vn 0.2481 0.2604 0.9331
vn -0.1911 -0.6016 0.7756
vn 0.0910 -0.9123 0.3994
vn 0.1435 0.2933 0.9452
vn -0.0335 -0.4681 0.8830
vn 0.0981 -0.4442 0.8905
vn 0.0266 -0.4113 0.9111
vn -0.5029 -0.8609 0.0766
vn -0.3554 -0.8301 -0.4297
vn -0.5337 -0.7771 0.3335
vn 0.1027 0.2622 0.9595
vn -0.2854 -0.8826 0.3735
vn 0.0874 0.2937 0.9519
vn -0.1810 -0.8004 0.5715
vn -0.0168 0.2970 0.9547
vn -0.1767 0.2988 0.9378
vn 0.1914 0.3009 0.9343
vn -0.0193 -0.9212 0.3887
vn 0.1596 -0.4949 0.8542
vn -0.1762 0.3119 0.9336
vn 0.2003 -0.6766 0.7086
vn 0.9090 0.3903 -0.1460
vn 0.6553 0.1399 0.7423
vn 0.3196 -0.9464 0.0471
vn -0.4649 -0.6428 0.6089
vn 0.8092 -0.3612 0.4635
vn 0.1232 0.8168 0.5636
vn -0.1575 0.7996 0.5795
vn -0.0253 0.8344 0.5507
vn 0.2212 -0.8061 -0.5489
vn -0.0780 -0.0757 0.9941
vn -0.2293 -0.6811 0.6954
vn 0.1441 -0.4778 0.8665
vn -0.0889 -0.6942 0.7142
vn -0.5879 -0.0805 0.8049
vn -0.5660 0.0936 0.8190
vn -0.0092 -0.0756 0.9971
vn 0.0266 -0.4747 0.8798
vn -0.0425 -0.3975 0.9166
vn 0.0120 -0.0789 0.9968
vn 0.8073 -0.0854 0.5839
vn 0.0302 0.8028 0.5955
vn -0.1912 0.6800 0.7078
vn -0.0067 0.6163 0.7875
vn 0.1256 0.7844 0.6074
vn -0.6302 -0.5399 0.5580
vn -0.5316 -0.2027 0.8224
vn -0.2262 -0.1085 0.9680
vn 0.1412 -0.0614 0.9881
vn 0.1078 -0.4919 0.8639
vn -0.2504 -0.0723 0.9655
vn -0.2783 0.0151 0.9604
vn -0.3414 -0.6798 0.6491
vn 0.0712 -0.5144 0.8546
vn 0.1338 -0.0816 0.9876
vn -0.2629 -0.7009 0.6631
vn 0.0449 0.0037 0.9990
vn -0.1629 -0.7203 0.6743
vn -0.0000 -0.0634 0.9980
vn 0.2071 -0.0319 0.9778
vn -0.0000 -0.4992 0.8665
vn 0.0212 -0.0623 0.9978
vn 0.2389 -0.0627 0.9690
vn -0.2078 -0.7215 0.6605
vn 0.0328 -0.7230 0.6900
vn 0.4473 0.1281 0.8852
vn -0.0869 -0.7742 -0.6269
vn -0.3169 -0.2644 0.9109
vn 0.4748 -0.8757 0.0879
vn -0.0886 -0.4216 0.9024
vn -0.2075 -0.4092 0.8886
vn 0.1803 -0.4178 0.8905
vn -0.1628 -0.0328 0.9861
vn 0.1253 -0.4396 0.8894
vn -0.2056 -0.0406 0.9778
vn 0.1816 -0.0421 0.9825
vn 0.3014 -0.6991 0.6484
vn -0.1186 -0.3844 0.9155
vn -0.5216 -0.5274 0.6706
vn 0.0549 -0.8017 0.5952
vn -0.0003 -0.5143 0.8576
vn -0.6622 -0.2963 0.6883
vn -0.5229 -0.0320 0.8518
vn -0.0463 -0.2218 0.9740
vn 0.0162 -0.1884 0.9819
vn 0.1747 -0.4885 0.8549
vn 0.0232 -0.4888 0.8721
vn -0.3313 -0.4023 0.8535
vn -0.0194 -0.2650 0.9641
vn 0.0978 -0.4316 0.8967
vn 0.0505 -0.2183 0.9746
vn 0.6746 -0.1352 0.7257
vn -0.1294 -0.7466 -0.6526
vn 0.1581 -0.4155 0.8957
vn -0.2509 -0.4038 0.8798
vn -0.3103 -0.2724 0.9108
vn 0.0422 -0.2450 0.9686
vn 0.4545 -0.2795 0.8458
vn 0.2058 -0.7977 0.5668
vn -0.1451 -0.4087 0.9011
vn -0.0000 -0.4130 0.9107
vn 0.1262 -0.2725 0.9538
vn 0.2333 -0.4016 0.8856
vn -0.1448 -0.2681 0.9524
vn 0.2525 0.1234 0.9597
vn -0.0969 0.1115 0.9890
vn 0.0610 -0.3800 0.9230
vn -0.4758 -0.5150 0.7130
vn 0.8118 -0.1970 0.5497
vn 0.9898 -0.0437 0.1358
vn -0.0225 -0.7013 0.7125
vn -0.0068 -0.3849 0.9229
vn -0.0154 0.0964 0.9952
vn -0.1271 0.1006 0.9868
vn 0.1739 -0.9633 0.2047
vn 0.0559 -0.7497 0.6594
vn -0.6301 0.4943 0.5989
vn 0.4740 -0.1537 0.8670
vn 0.4759 -0.4160 0.7749
vn -0.7330 -0.4627 0.4987
vn -0.0460 -0.0081 0.9989
vn 0.2717 -0.1407 0.9521
vn -0.0763 -0.0545 0.9956
vn 0.1816 -0.1374 0.9737
vn -0.0333 0.0141 0.9993
vn 0.0429 0.1121 0.9928
vn 0.1052 0.0812 0.9911
vn 0.0146 -0.1286 0.9916
vn 0.0153 0.0012 0.9999
vn -0.2277 0.0362 0.9731
vn -0.7956 0.0089 0.6058
vn 0.9301 0.1243 -0.3457
vn -0.5176 -0.1769 0.8371
vn -0.6541 0.1723 0.7365
vn -0.8428 0.1156 0.5257
vn 0.8979 -0.2702 -0.3474
vn 0.0661 0.8940 -0.4431
vn 0.4230 0.8195 -0.3867
vn -0.6418 0.6567 -0.3959
vn -0.3171 0.8390 -0.4422
vn 0.7813 0.2077 -0.5886
vn 0.7266 0.4928 -0.4788
vn -0.7417 0.3746 -0.5563
vn 0.7437 -0.1462 -0.6524
vn -0.4052 0.9054 -0.1265
vn 0.0540 0.9950 -0.0841
vn -0.7293 0.6676 -0.1497
vn 0.6431 0.6709 -0.3691
vn 0.3946 0.9153 -0.0809
vn -0.7612 0.0723 -0.6445
vn 0.8848 0.4014 -0.2369
vn 0.9354 0.1359 -0.3264
vn 0.7103 0.6927 -0.1250
vn 0.6451 -0.3892 -0.6575
vn -0.8207 0.3990 0.4089
vn -0.8581 0.0534 0.5108
vn -0.4076 0.8884 0.2113
vn 0.0029 0.9672 0.2539
vn -0.5603 0.5535 0.6162
vn -0.7201 -0.2512 -0.6468
vn -0.8501 -0.3858 0.3585
vn 0.8944 -0.1983 -0.4009
vn 0.3869 0.8915 0.2356
vn 0.3686 -0.5951 -0.7142
vn -0.7368 -0.6700 -0.0912
vn -0.6556 -0.6646 -0.3584
vn 0.7462 -0.5183 -0.4177
vn 0.0683 -0.9905 0.1193
vn -0.3945 0.2360 0.8881
vn 0.7353 0.6517 0.1862
vn 0.9383 0.3366 0.0796
vn 0.9984 0.0527 0.0207
vn 0.4121 -0.8061 -0.4247
vn -0.3166 -0.5145 0.7969
vn -0.4047 -0.2821 0.8698
vn 0.9519 -0.2953 -0.0814
vn 0.1482 -0.7897 0.5954
vn -0.3946 0.7307 0.5571
vn -0.0229 0.7925 0.6094
vn -0.3408 0.3977 0.8519
vn 0.3442 0.7392 0.5789
vn -0.2601 -0.4490 0.8549
vn -0.5086 -0.5380 0.6722
vn 0.7830 -0.6074 -0.1343
vn 0.6846 0.5199 0.5108
vn 0.8525 0.2141 0.4769
vn 0.4498 -0.8850 -0.1200
vn 0.9023 -0.0875 0.4222
vn 0.8795 -0.3700 0.2992
vn 0.1518 -0.6891 0.7086
vn -0.2085 0.2183 0.9533
vn 0.7377 -0.6402 0.2143
vn -0.1999 0.3045 0.9313
vn 0.2862 0.4455 0.8483
vn 0.5659 0.3699 0.7368
vn -0.0457 0.4750 0.8788
vn 0.3641 -0.6858 0.6301
vn 0.6577 0.0940 0.7474
vn 0.6818 -0.1815 0.7087
vn 0.6570 -0.4166 0.6284
vn -0.0720 0.0953 0.9928
vn 0.6182 -0.6067 0.4997
vn 0.1119 -0.4208 0.9002
vn 0.0096 0.0811 0.9967
vn 0.3360 0.0546 0.9403
vn 0.3183 -0.7127 0.6251
vn 0.3613 -0.2404 0.9009
vn 0.3250 -0.4838 0.8126
vn 0.0658 -0.2732 0.9597
vn 0.0715 -0.1343 0.9884
vn -0.0000 -0.0000 1.0000
vn -0.5224 0.0429 0.8516
vn -0.2352 0.0193 0.9718
vn -0.4508 0.1076 0.8861
vn -0.2253 0.0185 0.9741
vn -0.4606 0.1707 0.8710
vn -0.3219 0.2134 0.9224
vn -0.7406 0.3007 0.6010
vn -0.6720 0.1975 0.7137
vn -0.3322 0.2203 0.9171
vn -0.6502 0.2018 0.7324
vn -0.6509 -0.0185 0.7589
vn -0.4952 -0.2719 0.8252
vn -0.1652 -0.1285 0.9779
vn -0.3324 0.0142 0.9430
vn -0.5125 -0.0805 0.8549
vn -0.4551 -0.4701 0.7563
vn -0.0889 -0.1229 0.9884
vn -0.5330 -0.3733 0.7593
vn -0.1218 -0.1683 0.9782
vn -0.1464 -0.1461 0.9784
vn -0.1606 -0.3108 0.9368
vn -0.3284 -0.7139 0.6185
vn -0.2482 -0.8815 0.4016
vn -0.3327 -0.7431 -0.5806
vn -0.0016 -0.2491 0.9685
vn -0.0060 -0.4999 0.8661
vn -0.1561 -0.5614 0.8127
vn -0.0016 -0.2508 0.9680
vn -0.0354 -0.9458 0.3228
vn -0.1404 -0.9308 -0.3374
vn -0.1015 -0.6725 0.7332
vn -0.1230 -0.9386 -0.3223
vn -0.0705 -0.3917 0.9174
vn -0.0166 -0.0825 0.9965
vn -0.0148 -0.4820 0.8760
vn -0.1810 -0.9217 0.3431
vn -0.0346 -0.2051 0.9781
vn -0.0593 -0.8853 0.4612
vn -0.1397 -0.3373 0.9310
vn -0.0603 -0.2069 0.9765
vn -0.5645 -0.8254 -0.0091
vn 0.0745 -0.4779 0.8752
vn -0.0006 -0.7479 0.6638
vn 0.0441 -0.4045 0.9135
vn -0.0510 -0.1852 0.9814
vn -0.2064 0.1324 0.9695
vn -0.0231 -0.5467 0.8370
vn -0.0174 -0.4529 0.8914
vn 0.0219 -0.3700 0.9288
vn 0.0051 -0.3904 0.9206
vn -0.0367 -0.6307 0.7752
vn 0.0029 -0.2242 0.9745
vn -0.6405 -0.1549 0.7522
vn -0.0225 -0.1383 0.9901
vn -0.1093 -0.0442 0.9930
vn -0.4023 -0.1051 0.9095
vn -0.1512 0.0970 0.9837
vn 0.0051 -0.3944 0.9189
vn -0.0277 -0.1705 0.9850
vn 0.0108 -0.1828 0.9831
vn 0.0137 -0.2305 0.9730
vn 0.0029 -0.2217 0.9751
vn -0.0270 -0.3586 0.9331
vn -0.2943 0.0934 0.9511
vn 0.0016 -0.1892 0.9819
vn 0.0010 -0.1123 0.9937
vn -0.3540 -0.2489 0.9015
vn 0.0428 -0.0676 0.9968
vn 0.0438 -0.0693 0.9966
vn -0.1988 -0.7419 0.6404
vn -0.0282 -0.4994 0.8659
vn -0.0804 -0.5270 0.8461
vn -0.0629 -0.3793 0.9231
vn -0.3768 -0.0350 0.9256
vn 0.0016 -0.1841 0.9829
vn 0.0010 -0.1159 0.9933
vn -0.0699 -0.3704 0.9263
vn -0.0470 -0.2407 0.9695
vn 0.0223 -0.1525 0.9881
vn 0.0224 -0.1531 0.9880
vn 0.0256 -0.0404 0.9989
vn -0.3606 0.0836 0.9290
vn -0.0030 -0.4434 0.8963
vn -0.3134 -0.9229 0.2238
vn -0.1599 -0.6373 0.7538
vn -0.0955 -0.0068 0.9954
vn 0.0360 -0.2595 0.9651
vn -0.5756 -0.4639 0.6734
vn -0.5859 -0.0763 0.8068
vn -0.2328 -0.3509 0.9070
vn -0.2544 -0.0380 0.9664
vn 0.0406 -0.2927 0.9554
vn -0.0220 -0.4035 0.9147
vn -0.0623 -0.3194 0.9456
vn -0.6570 -0.2189 0.7214
vn -0.4759 -0.1059 0.8731
vn -0.2674 -0.0595 0.9617
vn -0.4903 0.0631 0.8692
vn -0.7254 -0.0070 0.6883
vn -0.3337 0.1634 0.9284
vn -0.5085 -0.0796 0.8574
vn -0.0313 -0.0688 0.9971
vn -0.1101 -0.5186 0.8479
vn -0.7293 0.1577 0.6658
vn -0.9961 -0.0625 0.0625
vn -0.2802 -0.9559 0.0876
vn -0.7373 -0.2679 0.6201
vn -0.1386 -0.8061 0.5753
vn -0.4715 0.2031 0.8581
vn -0.2543 -0.8577 0.4468
vn -0.8862 0.1750 0.4290
vn -0.4722 -0.5283 0.7056
vn -0.9120 -0.1391 0.3858
vn -0.8512 -0.4416 0.2838
vn -0.0997 -0.6754 0.7307
vn -0.4265 0.1555 0.8910
vn -0.6881 0.0791 0.7213
vn -0.6471 -0.7426 0.1726
vn -0.3175 -0.9445 0.0838
vn -0.1613 0.0699 0.9844
vn -0.6985 -0.2000 0.6871
vn -0.6488 -0.4651 0.6023
vn -0.2602 0.0079 0.9655
vn -0.5420 -0.7040 0.4588
vn -0.0503 -0.3008 0.9524
vn -0.2666 -0.8337 0.4835
vn -0.0665 -0.0387 0.9970
vn -0.3733 -0.2441 0.8950
vn -0.3262 -0.5488 0.7697
vn -0.1007 -0.3220 0.9414
vn -0.1033 -0.1353 0.9854
vn -0.0938 -0.3993 0.9120
vn -0.0978 -0.6612 0.7438
vn 0.3136 -0.3815 0.8696
vn -0.4303 -0.5984 0.6758
vn -0.0762 -0.0820 0.9937
vn -0.4566 -0.3647 0.8115
vn 0.2078 -0.0487 0.9770
vn 0.2929 -0.6366 0.7134
vn -0.0845 -0.8811 0.4654
vn -0.4009 -0.7996 0.4470
vn -0.4318 -0.0727 0.8991
vn 0.2984 0.2509 0.9209
vn -0.0462 0.2732 0.9609
vn 0.3697 -0.2460 0.8960
vn 0.2883 0.0087 0.9575
vn 0.2750 -0.8485 0.4522
vn 0.6044 -0.5759 0.5505
vn -0.6903 -0.5295 0.4931
vn -0.7214 -0.2764 0.6350
vn 0.6060 0.2360 0.7597
vn -0.6087 -0.7011 0.3714
vn -0.3925 0.2720 0.8786
vn -0.6996 -0.0020 0.7145
vn 0.2912 -0.9441 0.1548
vn -0.0520 -0.9922 0.1137
vn -0.0327 0.4106 0.9112
vn -0.3689 0.5678 0.7359
vn 0.5135 -0.7441 0.4274
vn 0.6106 -0.7670 0.1974
vn 0.3331 -0.0793 0.9396
vn 0.5046 0.1067 0.8567
vn -0.3759 -0.9205 0.1065
vn 0.3021 0.5841 0.7534
vn 0.5422 -0.4078 0.7346
vn 0.4583 0.3219 0.8285
vn -0.8522 -0.4680 0.2339
vn -0.9190 -0.1716 0.3550
vn -0.6259 0.2249 0.7468
vn -0.6995 0.3983 0.5934
vn -0.6869 -0.7166 0.1211
vn -0.8813 0.1355 0.4527
vn 0.3607 -0.9088 -0.2097
vn -0.0481 -0.9643 -0.2602
vn 0.5578 -0.6312 0.5389
vn -0.3931 -0.8790 -0.2698
vn -0.0211 0.6427 0.7658
vn -0.3808 0.8071 0.4512
vn 0.3245 -0.2421 0.9144
vn 0.6189 0.0672 0.7826
vn 0.9318 0.2699 0.2427
vn 0.3701 0.8097 0.4554
vn 0.5546 0.4571 0.6953
vn -0.9237 -0.3648 -0.1172
vn -0.9991 -0.0413 -0.0009
vn -0.7149 -0.6647 -0.2170
vn -0.7387 0.5822 0.3396
vn -0.9523 0.2674 0.1471
vn 0.7309 -0.6467 0.2179
vn 0.3970 -0.7055 -0.5872
vn 0.4118 -0.2117 0.8863
vn -0.0064 -0.7888 -0.6147
vn 0.4198 0.0687 0.9050
vn -0.3542 -0.7200 -0.5968
vn 0.6450 0.2324 0.7280
vn 0.4516 0.4984 0.7400
vn -0.6463 -0.5404 -0.5388
vn 0.0178 0.8446 0.5351
vn -0.3473 0.9358 0.0608
vn 0.3933 0.9163 0.0757
vn -0.8448 -0.2520 -0.4721
vn -0.7007 0.7133 -0.0171
vn -0.8913 0.4081 -0.1974
vn -0.9279 0.0977 -0.3597
vn 0.9525 -0.3045 -0.0064
vn 0.6143 -0.4035 -0.6781
vn 0.8031 0.3335 0.4937
vn -0.5368 -0.7491 -0.3882
vn -0.5648 -0.4009 -0.7213
vn 0.4761 -0.7914 -0.3835
vn 0.2937 0.4625 0.8366
vn 0.2632 0.7765 0.5725
vn 0.4745 0.3450 0.8098
vn -0.0142 -0.9655 -0.2602
vn -0.7055 -0.1703 -0.6879
vn -0.5708 0.7524 -0.3287
vn -0.6847 0.5196 -0.5110
vn 0.0482 0.9029 0.4271
vn -0.3004 0.9324 0.2011
vn -0.7512 0.2209 -0.6220
vn 0.7999 -0.4495 -0.3976
vn -0.0753 -0.9941 -0.0785
vn 0.3854 -0.9210 -0.0567
vn 0.9485 0.0945 -0.3024
vn -0.7489 0.6626 0.0054
vn -0.5759 -0.8175 -0.0022
vn -0.8607 -0.3597 -0.3603
vn -0.8119 -0.5315 0.2415
vn 0.4079 0.5783 0.7065
vn 0.9426 -0.0055 0.3340
vn 0.8470 -0.4558 0.2735
vn 0.7315 -0.6140 0.2964
vn 0.6149 -0.7802 -0.1147
vn -0.3035 0.9427 -0.1383
vn -0.9483 0.0682 -0.3101
vn -0.9789 -0.1800 -0.0968
vn 0.0650 0.4362 0.8975
vn 0.8235 0.4887 0.2883
vn 0.5804 0.6461 0.4956
vn -0.9220 -0.0466 0.3844
vn -0.4109 0.6927 0.5928
vn -0.7440 0.5015 0.4415
vn 0.7247 -0.1313 0.6764
vn 0.5525 -0.6432 0.5301
vn 0.3325 -0.8147 0.4750
vn 0.4355 0.3449 0.8315
vn 0.1894 0.5660 0.8023
vn -0.4173 0.8284 0.3737
vn 0.2747 -0.2496 0.9286
vn 0.3377 -0.7091 0.6190
vn 0.4202 -0.5625 0.7121
vn 0.0837 -0.3732 0.9240
vn 0.0895 0.2747 0.9573
vn -0.0949 0.5685 0.8172
vn 0.4942 -0.5906 0.6379
vn -0.0972 -0.6051 0.7902
vn -0.0800 -0.8461 0.5270
vn 0.0543 -0.6293 0.7753
vn -0.0270 0.8056 0.5919
vn 0.0640 0.7932 0.6056
vn 0.5942 0.4590 0.6605
vn 0.1718 0.0824 0.9817
vn -0.0363 0.6009 0.7985
vn -0.0344 -0.5908 0.8061
vn -0.0234 -0.8946 0.4463
vn -0.0023 -0.2707 0.9627
vn -0.0005 -0.7985 0.6020
vn -0.0096 0.6174 0.7866
vn 0.6181 -0.5806 0.5299
vn -0.5820 -0.4447 0.6808
vn -0.0001 0.2263 0.9741
vn -0.0558 0.9446 0.3235
vn 0.0735 0.9388 0.3364
vn 0.4401 0.4878 0.7539
vn 0.2762 -0.6509 0.7072
vn 0.2601 -0.8421 0.4725
vn 0.0678 -0.8915 0.4479
vn 0.2635 -0.5471 0.7945
vn -0.0970 0.7738 0.6260
vn 0.0017 0.3827 0.9239
vn -0.0712 -0.3958 0.9156
vn 0.1567 -0.4022 0.9020
vn -0.0903 -0.1382 0.9863
vn 0.0941 -0.9540 0.2847
vn -0.3027 -0.4069 0.8619
vn -0.0512 -0.9502 0.3075
vn -0.3088 -0.1244 0.9429
vn 0.4027 -0.4114 0.8177
vn 0.1470 -0.1353 0.9798
vn 0.2270 -0.9418 0.2478
vn 0.1058 0.6019 0.7915
vn -0.1633 -0.9499 0.2663
vn -0.5307 -0.3919 0.7515
vn -0.5243 -0.1100 0.8444
vn 0.4091 -0.1088 0.9060
vn 0.5839 -0.3742 0.7205
vn 0.2727 -0.9389 0.2102
vn -0.0875 -0.8478 0.5230
vn 0.0741 -0.8542 0.5146
vn 0.2001 -0.9437 0.2633
vn 0.0445 -0.9503 0.3082
vn -0.1249 -0.7464 -0.6537
vn 0.1519 -0.7502 -0.6436
vn -0.0780 0.1311 0.9883
vn -0.3125 0.1290 0.9411
vn 0.1355 0.0831 0.9873
vn -0.2629 -0.9399 0.2178
vn -0.7422 -0.0885 0.6643
vn -0.7288 -0.3402 0.5943
vn -0.0295 -0.9640 0.2644
vn -0.0682 -0.9503 0.3037
vn -0.5154 0.1646 0.8410
vn -0.0209 0.8093 0.5871
vn -0.1031 0.6885 0.7178
vn 0.4013 0.1356 0.9059
vn 0.0884 0.8298 0.5510
vn 0.4257 -0.7793 0.4598
vn 0.5981 -0.6724 0.4361
vn 0.6084 -0.0871 0.7889
vn 0.3350 -0.9261 0.1736
vn 0.7612 -0.3587 0.5403
vn -0.2265 0.8448 0.4847
vn 0.4060 0.0993 0.9085
vn 0.1627 0.6840 0.7111
vn -0.7116 0.1990 0.6738
vn -0.3535 -0.9242 0.1448
vn -0.8725 -0.3223 0.3673
vn -0.9016 -0.0686 0.4270
vn -0.3773 -0.7769 -0.5041
vn 0.6478 -0.1260 0.7513
vn -0.2048 -0.4467 0.8709
vn -0.9466 -0.2395 0.2157
vn -0.4072 -0.1334 0.9035
vn -0.2350 0.3106 0.9210
vn -0.1167 -0.6947 0.7097
vn 0.1715 -0.6110 0.7728
vn -0.3204 0.8552 0.4075
vn -0.3124 -0.3924 0.8651
vn -0.2985 -0.6653 0.6843
vn -0.0266 -0.4129 0.9104
vn -0.3075 -0.0722 0.9488
vn -0.0214 -0.0804 0.9965
vn 0.5092 -0.8436 0.1702
vn 0.6410 -0.7455 -0.1827
vn 0.6193 -0.6824 0.3883
vn 0.3891 -0.9182 0.0744
vn 0.5925 -0.6019 0.5354
vn 0.5314 -0.7983 0.2835
vn 0.2762 -0.3970 0.8753
vn -0.3060 -0.3932 0.8670
vn 0.2587 -0.6797 0.6864
vn 0.2729 -0.0640 0.9599
vn -0.0252 -0.6891 0.7243
vn -0.5066 -0.7528 0.4203
vn 0.5358 0.1506 0.8308
vn 0.2762 0.8244 0.4940
vn -0.3144 -0.6814 0.6610
vn -0.3144 -0.0483 0.9480
vn -0.0717 -0.4120 0.9084
vn -0.0563 -0.0530 0.9970
vn -0.2780 -0.8554 0.4370
vn -0.2373 0.2168 0.9469
vn -0.0054 0.2586 0.9660
vn -0.1495 -0.8782 0.4543
vn 0.7466 -0.5275 -0.4054
vn 0.3537 -0.9339 -0.0531
vn -0.3084 -0.9396 -0.1486
vn 0.4450 -0.4940 -0.7470
vn -0.0944 -0.8483 -0.5210
vn 0.0207 -0.9977 0.0640
vn 0.4261 -0.7714 -0.4726
vn -0.4214 -0.9062 0.0368
vn 0.1994 -0.4047 0.8924
vn -0.1095 -0.4105 0.9052
vn -0.1128 -0.7219 0.6828
vn -0.1128 -0.0381 0.9929
vn 0.2036 -0.7078 0.6764
vn -0.0563 -0.7152 0.6967
vn 0.2036 -0.0426 0.9781
vn -0.3019 -0.8697 0.3905
vn -0.0428 -0.8990 0.4359
vn 0.2193 -0.8885 0.4030
vn -0.3019 0.2792 0.9116
vn 0.2782 0.2912 0.9153
vn -0.8595 0.2240 0.4595
vn -0.1535 -0.7784 -0.6087
vn 0.0766 -0.7686 -0.6351
vn 0.0537 0.9418 -0.3320
vn -0.4277 -0.7682 -0.4764
vn 0.2732 -0.3973 0.8761
vn 0.2679 -0.0400 0.9626
vn -0.1176 -0.4102 0.9044
vn -0.1307 -0.7209 0.6806
vn 0.2708 -0.6878 0.6735
vn 0.3365 -0.3889 0.8576
vn 0.2974 0.0109 0.9547
vn 0.3186 -0.7141 0.6233
vn -0.1124 -0.9214 0.3719
vn -0.0692 -0.9212 0.3830
vn 0.1788 -0.9121 0.3688
vn -0.1106 0.3470 0.9313
vn 0.1741 0.3338 0.9264
vn -0.0692 0.3188 0.9453
vn -0.2447 0.9132 -0.3259
vn -0.5719 -0.7844 -0.2402
vn -0.2113 -0.4037 0.8901
vn -0.2172 -0.7275 0.6508
vn -0.2172 -0.0103 0.9761
vn -0.1160 -0.0291 0.9928
vn -0.0795 0.9533 0.2915
vn 0.0159 0.6881 0.7255
vn 0.1455 0.6167 0.7736
vn 0.3154 0.8927 0.3220
vn -0.1748 -0.9598 0.2194
vn 0.3347 -0.8291 -0.4479
vn -0.3624 -0.9268 0.0983
vn 0.0634 -0.9777 0.2004
vn 0.2547 -0.3572 0.8986
vn 0.0438 -0.4126 0.9098
vn 0.0598 -0.7461 0.6632
vn -0.1662 -0.9149 0.3679
vn 0.1830 -0.9170 0.3545
vn 0.1899 0.3306 0.9245
vn 0.2310 0.3666 0.9012
vn 0.2954 -0.8928 0.3401
vn -0.2254 -0.9690 0.1009
vn -0.3563 0.8757 0.3257
vn 0.2002 -0.4047 0.8923
vn -0.0478 -0.3996 0.9155
vn 0.2076 -0.7248 0.6569
vn 0.2076 -0.0167 0.9781
vn -0.2324 -0.9011 0.3660
vn -0.2054 0.3323 0.9205
vn -0.1012 0.3598 0.9275
vn -0.2001 -0.9726 0.1181
vn -0.2656 -0.9597 0.0924
vn -0.2991 0.6059 0.7371
vn 0.0265 0.6299 0.7762
vn -0.2789 0.5941 0.7545
vn 0.0345 -0.3540 0.9346
vn -0.0212 0.0001 0.9998
vn 0.5211 -0.0178 0.8533
vn 0.1296 -0.7234 0.6782
vn -0.0588 -0.0229 0.9980
vn -0.0445 -0.7358 0.6757
vn -0.0398 -0.9262 0.3750
vn 0.0324 -0.9400 0.3396
vn 0.2213 -0.9183 0.3282
vn 0.0598 -0.0074 0.9982
vn -0.0462 0.2690 0.9620
vn 0.1922 0.3511 0.9164
vn -0.2744 -0.9601 0.0529
vn -0.0785 -0.9961 0.0400
vn 0.1764 -0.9828 0.0544
vn 0.1899 0.4077 0.8932
vn 0.2423 0.9285 0.2813
vn 0.7029 0.2705 0.6578
vn -0.3926 0.9111 -0.1258
vn -0.1013 0.9703 0.2195
vn -0.9484 -0.2805 0.1476
vn -0.9789 -0.0347 0.2014
vn -0.0683 0.6189 0.7825
vn -0.1898 0.4099 0.8922
vn 0.4190 0.5658 0.7102
vn 0.3615 0.2884 0.8866
vn 0.1688 -0.7728 -0.6118
vn -0.7888 -0.3384 -0.5132
vn -0.0837 -0.8134 -0.5757
vn -0.0564 0.4199 0.9058
vn -0.5529 -0.8027 -0.2236
vn 0.4914 0.3202 0.8100
vn 0.2990 0.6212 0.7243
vn 0.1628 -0.9141 0.3714
vn 0.0307 0.2824 0.9588
vn -0.1061 -0.9936 0.0390
vn -0.0683 -0.9964 0.0499
vn 0.1641 -0.9858 0.0364
vn 0.1530 0.6218 0.7681
vn 0.1058 0.9063 -0.4092
vn 0.6820 0.6643 -0.3058
vn 0.5461 -0.8031 -0.2382
vn -0.4626 -0.8846 -0.0590
vn -0.0296 0.3425 0.9390
vn -0.1558 -0.9876 0.0201
vn 0.1791 -0.9831 0.0378
vn 0.1511 0.5156 0.8434
vn 0.2149 0.6301 0.7462
vn 0.2833 -0.9578 0.0486
vn -0.1091 0.6291 0.7696
vn -0.2386 0.0599 0.9693
vn 0.2678 0.5895 0.7621
vn -0.6400 0.6997 -0.3175
vn -0.6403 0.5683 0.5167
vn -0.1151 0.6517 0.7497
vn -0.7439 -0.6648 -0.0690
vn 0.2451 -0.9625 0.1161
vn -0.2370 -0.9709 0.0336
vn -0.0838 0.6630 0.7440
vn -0.4482 -0.8919 -0.0608
vn 0.4676 -0.8598 -0.2050
vn -0.0439 -0.9832 -0.1771
vn 0.4080 -0.9058 -0.1143
vn -0.5545 -0.8312 -0.0399
vn -0.0044 -0.9986 0.0530
vn -0.1741 0.6241 0.7617
vn -0.1524 0.8299 0.5366
vn -0.7641 0.6329 0.1250
vn 0.3317 0.2912 0.8973
vn 0.6478 -0.7160 -0.2601
vn 0.6335 -0.7148 0.2962
vn -0.0873 -0.7368 0.6705
vn 0.6398 -0.5959 0.4853
vn 0.2190 -0.7321 0.6450
vn -0.6672 -0.6993 -0.2566
vn -0.4907 -0.8481 0.1999
vn 0.0085 -0.9894 -0.1452
vn -0.9358 0.2475 0.2510
vn 0.4697 -0.8822 0.0317
vn -0.0212 -0.9980 0.0597
vn 0.1118 -0.9907 0.0772
vn 0.1421 0.6485 0.7478
vn -0.0568 0.6596 0.7495
vn 0.2052 -0.9785 0.0194
vn 0.3530 -0.9094 -0.2200
vn -0.0288 0.5703 0.8209
vn 0.4108 0.6749 0.6130
vn 0.0089 0.6297 0.7768
vn -0.2783 -0.9342 -0.2233
vn -0.2452 0.8106 0.5318
vn 0.0530 0.8386 0.5422
vn -0.2400 -0.9448 -0.2229
vn -0.2737 -0.9248 -0.2644
vn -0.1102 -0.9594 -0.2596
vn 0.1505 -0.9512 -0.2695
vn 0.2721 0.8080 0.5226
vn -0.3907 0.4335 0.8120
vn -0.3912 0.8838 0.2564
vn 0.3383 -0.9373 -0.0842
vn -0.0018 0.8525 0.5228
vn -0.2013 0.5945 0.7785
vn 0.6965 0.5035 0.5113
vn -0.2421 0.9423 -0.2314
vn 0.0354 0.9693 -0.2434
vn -0.0018 -0.9549 -0.2969
vn -0.0940 -0.9575 -0.2726
vn 0.2086 -0.9373 -0.2792
vn 0.1477 0.5971 0.7885
vn -0.1492 -0.9802 0.1300
vn 0.4136 -0.8961 0.1611
vn 0.3412 -0.8507 -0.3999
vn 0.7432 -0.6445 0.1797
vn -0.0391 0.8229 0.5669
vn 0.2616 0.9522 -0.1574
vn -0.3114 0.8095 0.4977
vn -0.4884 0.8644 -0.1198
vn 0.3906 0.6573 0.6446
vn -0.1267 -0.9560 -0.2648
vn 0.2618 -0.9336 -0.2446
vn 0.2557 0.8122 0.5244
vn 0.2377 0.6874 0.6863
vn 0.3312 -0.9141 -0.2337
vn -0.1176 0.8271 0.5497
vn -0.9543 -0.2986 -0.0134
vn -0.6331 -0.7405 0.2256
vn -0.6172 -0.6172 0.4879
vn -0.9675 -0.2388 -0.0835
vn -0.4740 -0.8619 -0.1799
vn -0.2239 -0.9346 -0.2763
vn -0.0224 -0.9618 -0.2728
vn -0.0903 0.8385 0.5373
vn -0.1298 0.6157 0.7772
vn 0.8288 -0.4021 -0.3890
vn 0.9079 -0.3380 -0.2479
vn 0.6415 -0.4625 0.6120
vn -0.9989 0.0068 -0.0456
vn -0.4502 0.8897 -0.0757
vn 0.1733 0.6105 0.7728
vn -0.5271 -0.8498 -0.0075
vn 0.4643 -0.8507 -0.2465
vn 0.4558 -0.8614 -0.2242
vn 0.0344 -0.9651 -0.2596
vn -0.0060 -0.9663 -0.2575
vn 0.0988 0.6302 0.7702
vn -0.0596 0.8507 0.5223
vn 0.1834 -0.9453 -0.2697
vn -0.0133 0.8456 0.5337
vn 0.5376 -0.8418 0.0482
vn -0.0347 0.8540 0.5191
vn 0.3390 0.7311 0.5921
vn 0.2787 0.8155 0.5072
vn 0.7501 0.3731 0.5460
vn 0.2116 0.6566 0.7240
vn 0.4663 0.7234 0.5092
vn -0.4418 0.8382 0.3199
vn 0.4418 0.8958 0.0481
vn -0.9904 -0.1276 -0.0529
vn -0.9578 -0.2391 -0.1597
vn 0.5060 -0.3737 0.7774
vn -0.4043 -0.8535 -0.3288
vn 0.4794 -0.8761 0.0503
vn 0.3470 -0.8803 -0.3236
vn 0.4280 -0.7426 -0.5151
vn 0.1725 -0.9790 -0.1090
vn 0.8513 -0.5061 0.1383
vn -0.9570 0.2895 0.0184
vn -0.2598 -0.7898 -0.5556
vn 0.1871 -0.8218 -0.5382
vn -0.0636 -0.7849 -0.6163
vn -0.2288 -0.8115 -0.5376
vn -0.2898 -0.8022 -0.5221
vn -0.2806 0.9221 0.2665
vn 0.0500 0.9634 0.2632
vn -0.2179 0.8497 0.4801
vn 0.1857 -0.9628 0.1964
vn 0.0203 -0.9731 0.2295
vn 0.1410 -0.8326 -0.5356
vn -0.2202 -0.8171 -0.5329
vn -0.1951 0.7530 0.6285
vn 0.0767 0.9633 0.2571
vn -0.1346 -0.8241 -0.5502
vn 0.2584 0.9276 0.2700
vn -0.0740 -0.9915 -0.1069
vn -0.0933 -0.7388 0.6674
vn 0.7439 -0.3119 -0.5910
vn 0.2179 -0.8295 -0.5143
vn -0.0886 -0.8395 -0.5361
vn -0.1106 0.9580 0.2644
vn 0.3088 0.9158 0.2566
vn 0.0672 -0.8409 -0.5369
vn 0.1888 0.7376 0.6483
vn -0.4101 0.8962 0.1695
vn -0.5562 0.8122 0.1758
vn 0.2798 -0.8001 -0.5306
vn -0.1194 -0.8218 -0.5572
vn -0.0808 0.9570 0.2785
vn -0.1566 0.7611 0.6295
vn 0.3645 -0.7755 -0.5155
vn 0.2135 0.7147 0.6660
vn 0.2674 -0.6723 -0.6903
vn 0.2210 -0.8195 -0.5288
vn 0.4124 -0.6439 -0.6444
vn 0.3836 -0.7972 -0.4661
vn 0.0444 0.8035 0.5936
vn -0.1183 0.6979 0.7064
vn -0.0375 0.4570 0.8887
vn 0.4000 0.8402 0.3660
vn -0.5055 0.8420 0.1886
vn 0.5056 -0.7205 -0.4746
vn 0.5703 -0.7384 -0.3598
vn -0.0000 -0.8224 -0.5689
vn 0.1929 -0.8223 -0.5353
vn -0.0060 -0.8303 -0.5573
vn -0.0524 0.9688 0.2420
vn 0.0092 -0.8220 -0.5695
vn 0.1160 0.7749 0.6213
vn -0.2084 -0.8061 -0.5538
vn -0.0243 0.9738 0.2262
vn 0.3748 0.2052 0.9041
vn -0.9247 -0.1924 -0.3285
vn -0.4459 -0.8417 -0.3044
vn 0.0019 0.8140 0.5808
vn -0.0354 0.8023 0.5959
vn 0.3614 0.9092 0.2068
vn 0.6645 -0.4767 -0.5755
vn -0.3536 -0.9009 0.2515
vn 0.4783 -0.8266 -0.2966
vn 0.8364 0.3228 0.4429
vn -0.0093 -0.9996 -0.0267
vn -0.0046 -0.9595 -0.2816
vn -0.0803 -0.9682 -0.2371
vn -0.9557 0.0531 -0.2896
vn 0.5620 0.7739 0.2919
vn -0.4290 0.9023 0.0420
vn 0.4379 0.8595 0.2636
vn 0.3898 -0.7786 0.4918
vn -0.3554 -0.9033 0.2403
vn -0.0047 0.8288 -0.5595
vn 0.0957 0.1186 -0.9883
vn 0.0756 -0.5657 -0.8211
vn -0.0144 0.8005 0.5991
vn 0.2733 0.9607 0.0481
vn 0.3610 -0.8799 0.3090
vn -0.4018 -0.8311 -0.3845
vn -0.1954 -0.5860 -0.7864
vn -0.2925 -0.5612 -0.7743
vn -0.2786 0.9597 -0.0357
vn -0.1060 0.9917 -0.0723
vn 0.4530 -0.5314 -0.7158
vn 0.2889 -0.5974 -0.7481
vn 0.5242 0.8477 -0.0811
vn 0.5916 0.4806 0.6473
vn -0.0166 0.8250 0.5650
vn 0.2904 -0.9148 0.2808
vn 0.4642 0.8773 0.1215
vn -0.1526 -0.5963 -0.7881
vn -0.1761 -0.6137 -0.7697
vn 0.1467 -0.6139 -0.7756
vn 0.2435 0.7667 0.5940
vn -0.0695 0.9956 -0.0625
vn -0.9165 0.3322 -0.2230
vn -0.0544 -0.9232 0.3804
vn 0.4212 0.9036 -0.0783
vn -0.3673 0.2841 0.8857
vn 0.4786 0.8743 0.0808
vn 0.5256 -0.4985 -0.6894
vn -0.0000 -0.5796 -0.8149
vn -0.0151 -0.5881 -0.8087
vn 0.1678 0.9783 -0.1218
vn -0.0409 0.9331 0.3572
vn 0.0674 -0.5881 -0.8060
vn 0.2488 -0.5813 -0.7747
vn -0.1946 0.8939 0.4039
vn -0.0034 0.9938 -0.1108
vn -0.2308 -0.5881 -0.7752
vn -0.0718 0.9956 -0.0595
vn -0.1283 -0.6086 -0.7830
vn 0.2583 0.8503 0.4586
vn 0.2901 -0.5977 -0.7474
vn 0.3068 0.9511 -0.0354
vn 0.3609 -0.5775 -0.7323
vn -0.0984 0.9760 0.1945
vn -0.0893 -0.6171 -0.7818
vn 0.2636 0.9644 -0.0209
vn 0.0899 -0.6102 -0.7872
vn 0.2143 -0.6258 -0.7500
vn 0.1076 0.9919 -0.0673
vn -0.1967 0.6510 0.7331
vn -0.7256 0.5560 0.4054
vn 0.1165 0.9720 0.2040
vn 0.2948 0.8793 -0.3742
vn -0.0219 0.8387 0.5442
vn 0.4902 0.5400 0.6842
vn -0.8204 -0.1512 -0.5514
vn 0.5923 0.6170 0.5182
vn -0.3561 0.8750 0.3280
vn 0.4485 0.8488 0.2800
vn 0.5154 0.7804 -0.3540
vn 0.5768 0.8163 -0.0311
vn 0.0315 0.9923 -0.1202
vn 0.4665 0.7747 0.4269
vn -0.3713 0.8364 0.4031
vn 0.3336 0.8666 0.3712
vn -0.2977 0.9527 0.0607
vn 0.1688 0.9403 -0.2956
vn -0.0713 0.9588 -0.2752
vn 0.4162 0.8915 0.1792
vn -0.7156 0.6950 -0.0707
vn -0.3016 0.9053 0.2992
vn 0.4380 0.3785 0.8154
vn -0.0168 -0.9385 -0.3449
vn 0.0225 -0.9234 -0.3832
vn -0.1064 -0.9394 -0.3259
vn 0.0720 -0.8700 0.4878
vn -0.3128 -0.8192 -0.4807
vn -0.1799 -0.8211 -0.5417
vn 0.0748 -0.2653 -0.9613
vn 0.2529 0.9622 0.1015
vn -0.2373 0.9035 0.3570
vn 0.0452 0.9919 0.1187
vn 0.5996 0.4789 0.6412
vn -0.8411 0.1036 -0.5309
vn 0.1774 -0.9547 0.2390
vn 0.5660 -0.2530 -0.7846
vn -0.0214 -0.4861 -0.8737
vn -0.0367 0.8899 -0.4547
vn 0.0379 0.9961 0.0793
vn -0.0318 -0.4746 -0.8796
vn 0.2695 -0.2255 -0.9362
vn -0.4663 -0.5038 -0.7271
vn -0.1115 0.8862 -0.4496
vn 0.4005 -0.4153 -0.8168
vn 0.3528 -0.2583 -0.8993
vn 0.3618 0.9216 -0.1406
vn -0.1009 0.9138 -0.3934
vn -0.0793 -0.2938 -0.9526
vn -0.2481 -0.2604 -0.9331
vn 0.2895 0.9112 0.2930
vn -0.0910 0.9123 -0.3994
vn -0.1435 -0.2933 -0.9452
vn 0.0601 0.8392 0.5404
vn -0.1945 0.8810 0.4313
vn -0.0567 0.8761 0.4788
vn 0.3099 0.5305 0.7890
vn 0.3554 0.8301 0.4297
vn 0.5337 0.7771 -0.3335
vn -0.1027 -0.2622 -0.9595
vn 0.2854 0.8826 -0.3735
vn -0.0874 -0.2937 -0.9519
vn 0.2193 0.9698 -0.1068
vn 0.0168 -0.2970 -0.9547
vn 0.1767 -0.2988 -0.9378
vn -0.1914 -0.3009 -0.9343
vn 0.0193 0.9212 -0.3887
vn -0.2502 0.7762 0.5786
vn 0.1762 -0.3119 -0.9336
vn -0.2783 0.9401 0.1970
vn -0.9090 -0.3903 0.1460
vn -0.6553 -0.1399 -0.7423
vn -0.3196 0.9464 -0.0471
vn 0.4960 0.6858 0.5326
vn -0.8092 0.3612 -0.4635
vn -0.1232 -0.8168 -0.5636
vn 0.1575 -0.7996 -0.5795
vn 0.0253 -0.8344 -0.5507
vn -0.2212 0.8061 0.5489
vn 0.0780 0.0757 -0.9941
vn 0.2293 0.6811 -0.6954
vn -0.2790 0.9256 -0.2558
vn 0.0889 0.6942 -0.7142
vn 0.5879 0.0805 -0.8049
vn 0.8343 -0.1379 0.5337
vn 0.0092 0.0756 -0.9971
vn -0.0561 0.9984 -0.0098
vn 0.0969 0.9057 0.4128
vn -0.0359 0.2365 -0.9710
vn -0.8073 0.0854 -0.5839
vn -0.0302 -0.8028 -0.5955
vn 0.1912 -0.6800 -0.7078
vn 0.0095 -0.8782 -0.4782
vn -0.1256 -0.7844 -0.6074
vn 0.6302 0.5399 -0.5580
vn 0.7252 0.2765 0.6305
vn 0.2262 0.1085 -0.9680
vn -0.4223 0.1836 -0.8877
vn -0.2055 0.9378 -0.2798
vn 0.2504 0.0723 -0.9655
vn 0.9142 -0.0497 -0.4021
vn 0.3414 0.6798 -0.6491
vn -0.1332 0.9624 -0.2368
vn -0.1338 0.0816 -0.9876
vn 0.2629 0.7009 -0.6631
vn -0.2333 -0.0191 -0.9722
vn 0.1629 0.7203 -0.6743
vn -0.0000 0.0634 -0.9980
vn -0.2071 0.0319 -0.9778
vn -0.0000 0.9694 -0.2457
vn -0.0212 0.0623 -0.9978
vn -0.2389 0.0627 -0.9690
vn 0.2078 0.7215 -0.6605
vn -0.0328 0.7230 -0.6900
vn -0.4473 -0.1281 -0.8852
vn 0.0869 0.7742 0.6269
vn 0.3934 0.3282 0.8588
vn -0.1717 0.3168 0.9328
vn 0.0886 0.4216 -0.9024
vn 0.2075 0.4092 -0.8886
vn -0.1803 0.4178 -0.8905
vn 0.1628 0.0328 -0.9861
vn -0.2700 0.9475 0.1716
vn 0.2056 0.0406 -0.9778
vn -0.1816 0.0421 -0.9825
vn -0.3014 0.6991 -0.6484
vn 0.2144 0.6948 0.6865
vn 0.5216 0.5274 -0.6706
vn -0.0549 0.8017 -0.5952
vn 0.0005 0.9363 0.3512
vn 0.6622 0.2963 -0.6883
vn 0.7642 0.0468 0.6433
vn 0.1654 0.7928 -0.5866
vn -0.0832 0.9669 0.2413
vn -0.3310 0.9255 -0.1844
vn -0.0461 0.9700 -0.2385
vn 0.6253 0.7593 0.1802
vn 0.0598 0.8180 0.5722
vn -0.2024 0.8929 0.4023
vn -0.1416 0.6125 0.7777
vn -0.6746 0.1352 -0.7257
vn 0.1294 0.7466 0.6526
vn -0.1581 0.4155 -0.8957
vn 0.2509 0.4038 -0.8798
vn 0.7481 0.6567 -0.0952
vn -0.1624 0.9422 0.2932
vn -0.8488 0.5220 -0.0836
vn -0.2278 0.8829 0.4106
vn 0.1451 0.4087 -0.9011
vn -0.0000 0.4130 -0.9107
vn -0.3243 0.7000 -0.6363
vn -0.2333 0.4016 -0.8856
vn 0.3791 0.7023 -0.6026
vn -0.2525 -0.1234 -0.9597
vn 0.1816 -0.2089 0.9609
vn -0.0610 0.3800 -0.9230
vn 0.6736 0.7291 0.1208
vn -0.9144 0.2219 0.3385
vn -0.9898 0.0437 -0.1358
vn 0.0194 0.6040 0.7968
vn 0.0062 0.3515 0.9362
vn 0.0569 -0.3573 -0.9323
vn 0.7268 -0.5750 0.3756
vn -0.1739 0.9633 -0.2047
vn -0.0642 0.8608 0.5049
vn 0.6301 -0.4943 -0.5989
vn -0.4740 0.1537 -0.8670
vn -0.4759 0.4160 -0.7749
vn 0.7330 0.4627 -0.4987
vn 0.1268 0.0224 0.9917
vn -0.2717 0.1407 -0.9521
vn 0.8091 0.5773 0.1098
vn -0.7581 0.5736 -0.3104
vn 0.0333 -0.0141 -0.9993
vn -0.0429 -0.1121 -0.9928
vn -0.3303 -0.2550 -0.9088
vn -0.0146 0.1286 -0.9916
vn -0.9937 -0.0775 0.0810
vn 0.8524 -0.1354 -0.5050
vn 0.7956 -0.0089 -0.6058
vn -0.9301 -0.1243 0.3457
vn 0.7510 0.2567 0.6084
vn 0.8929 -0.2352 0.3838
vn 0.4352 -0.0597 0.8984
vn -0.8979 0.2702 0.3474
vn -0.0661 -0.8940 0.4431
vn -0.4230 -0.8195 0.3867
vn 0.6418 -0.6567 0.3959
vn 0.3171 -0.8390 0.4422
vn -0.7813 -0.2077 0.5886
vn -0.7266 -0.4928 0.4788
vn 0.7417 -0.3746 0.5563
vn -0.7437 0.1462 0.6524
vn 0.4052 -0.9054 0.1265
vn -0.0540 -0.9950 0.0841
vn 0.7293 -0.6676 0.1497
vn -0.6431 -0.6709 0.3691
vn -0.3946 -0.9153 0.0809
vn 0.7612 -0.0723 0.6445
vn -0.8848 -0.4014 0.2369
vn -0.9354 -0.1359 0.3264
vn -0.7103 -0.6927 0.1250
vn -0.6451 0.3892 0.6575
vn 0.6140 -0.2985 0.7307
vn 0.5044 -0.0314 0.8629
vn 0.4076 -0.8884 -0.2113
vn -0.0029 -0.9672 -0.2539
vn 0.6047 -0.5974 0.5268
vn 0.7201 0.2512 0.6468
vn 0.5575 0.2530 0.7907
vn -0.8944 0.1983 0.4009
vn -0.3869 -0.8915 -0.2356
vn -0.3686 0.5951 0.7142
vn 0.3993 0.3632 0.8418
vn 0.6556 0.6646 0.3584
vn -0.7462 0.5183 0.4177
vn -0.0356 0.5164 0.8556
vn 0.3720 -0.2226 0.9011
vn -0.7353 -0.6517 -0.1862
vn -0.9383 -0.3366 -0.0796
vn -0.9984 -0.0527 -0.0207
vn -0.4121 0.8061 0.4247
vn 0.2218 0.3604 0.9060
vn 0.3549 0.2474 0.9016
vn -0.9519 0.2953 0.0814
vn -0.0989 0.5270 0.8441
vn 0.3946 -0.7307 -0.5571
vn 0.0229 -0.7925 -0.6094
vn 0.5751 -0.6711 0.4679
vn -0.3442 -0.7392 -0.5789
vn 0.2007 0.3465 0.9163
vn 0.4012 0.4244 0.8117
vn -0.7830 0.6074 0.1343
vn -0.6846 -0.5199 -0.5108
vn -0.8525 -0.2141 -0.4769
vn -0.4498 0.8850 0.1200
vn -0.9023 0.0875 -0.4222
vn -0.8795 0.3700 -0.2992
vn -0.1446 0.6565 0.7403
vn 0.4010 -0.4198 0.8142
vn -0.7377 0.6402 -0.2143
vn 0.5306 -0.8082 -0.2557
vn -0.2862 -0.4455 -0.8483
vn -0.5659 -0.3699 -0.7368
vn 0.0457 -0.4750 -0.8788
vn -0.4499 0.8473 0.2824
vn -0.6577 -0.0940 -0.7474
vn -0.6818 0.1815 -0.7087
vn -0.6570 0.4166 -0.6284
vn 0.1824 -0.2415 0.9531
vn -0.6182 0.6067 -0.4997
vn -0.1691 0.6357 0.7531
vn -0.0518 -0.4387 -0.8972
vn -0.3360 -0.0546 -0.9403
vn -0.3183 0.7127 -0.6251
vn -0.3613 0.2404 -0.9009
vn -0.3250 0.4838 -0.8126
vn -0.2063 0.8565 0.4731
vn -0.4578 0.8601 0.2252
vn 0.3079 -0.0253 0.9511
vn 0.1761 -0.0145 0.9843
vn 0.3314 -0.0791 0.9402
vn 0.1704 -0.0140 0.9853
vn 0.3990 -0.1479 0.9049
vn 0.3952 -0.2620 0.8804
vn 0.7940 -0.3224 0.5154
vn 0.6681 -0.1964 0.7177
vn 0.4101 -0.2719 0.8705
vn 0.8797 -0.2731 0.3892
vn 0.9435 0.0268 0.3303
vn 0.6520 0.3580 0.6684
vn 0.1758 0.1368 0.9749
vn 0.5339 -0.0229 0.8453
vn 0.8469 0.1330 0.5149
vn 0.6292 0.6499 0.4263
vn 0.1058 0.1462 0.9836
vn 0.7472 0.5234 0.4096
vn 0.1552 0.2144 0.9643
vn 0.1429 0.1425 0.9794
vn 0.1154 0.2234 0.9679
vn 0.1931 0.4198 0.8868
vn 0.1431 0.5082 0.8493
vn 0.3327 0.7431 0.5806
vn 0.0014 0.2223 0.9750
vn 0.0040 0.3330 0.9429
vn 0.1193 0.4290 0.8954
vn 0.0014 0.2241 0.9746
vn 0.0253 0.6761 0.7364
vn 0.1404 0.9308 0.3374
vn 0.0743 0.4928 0.8670
vn 0.1230 0.9386 0.3223
vn 0.0612 0.3398 0.9385
vn 0.0160 0.0798 0.9967
vn 0.0267 0.8699 0.4926
vn 0.1206 0.6142 0.7799
vn 0.0296 0.1753 0.9841
vn 0.0505 0.7535 0.6555
vn 0.0997 0.2408 0.9654
vn 0.0598 0.2052 0.9769
vn 0.5645 0.8254 0.0091
vn -0.0652 0.4179 0.9062
vn 0.0005 0.6409 0.7677
vn -0.0479 0.4396 0.8969
vn 0.0476 0.1728 0.9838
vn 0.4621 -0.2965 0.8358
vn 0.0387 0.9144 0.4030
vn 0.0289 0.7504 0.6603
vn -0.0299 0.5052 0.8625
vn -0.0062 0.4787 0.8779
vn 0.0330 0.5667 0.8233
vn -0.0033 0.2531 0.9674
vn 0.7389 0.1787 0.6497
vn 0.0307 0.1888 0.9815
vn 0.1117 0.0451 0.9927
vn 0.4303 0.1124 0.8957
vn 0.2628 -0.1686 0.9500
vn -0.0063 0.4845 0.8748
vn 0.0411 0.2533 0.9665
vn -0.0126 0.2135 0.9769
vn -0.0166 0.2808 0.9596
vn -0.0032 0.2500 0.9682
vn 0.0248 0.3284 0.9442
vn 0.8156 -0.2588 0.5175
vn -0.0037 0.4255 0.9049
vn -0.0015 0.1703 0.9854
vn 0.6967 0.4898 0.5241
vn -0.1180 0.1865 0.9753
vn -0.1262 0.1994 0.9718
vn 0.2144 0.8000 0.5604
vn 0.0257 0.4560 0.8896
vn 0.1427 0.9351 0.3244
vn 0.1254 0.7565 0.6418
vn 0.9646 0.0897 0.2479
vn -0.0035 0.4022 0.9155
vn -0.0016 0.1786 0.9839
vn 0.1183 0.6265 0.7704
vn 0.0676 0.3463 0.9357
vn -0.0263 0.1798 0.9834
vn -0.0264 0.1806 0.9832
vn -0.0415 0.0655 0.9970
vn 0.9292 -0.2153 -0.3005
vn 0.0062 0.9344 0.3562
vn 0.3134 0.9229 -0.2238
vn 0.2311 0.9208 0.3142
vn 0.1459 0.0103 0.9892
vn -0.0612 0.4415 0.8952
vn 0.5756 0.4639 -0.6734
vn 0.5859 0.0763 -0.8068
vn 0.5524 0.8326 0.0407
vn 0.9562 0.1427 0.2555
vn -0.0741 0.5349 0.8417
vn 0.0457 0.8399 0.5408
vn 0.1013 0.5192 0.8486
vn 0.7132 0.2377 0.6595
vn 0.5144 0.1145 0.8499
vn 0.2805 0.0624 0.9578
vn 0.4498 -0.0579 0.8912
vn 0.6540 0.0063 0.7565
vn 0.4251 -0.2081 0.8809
vn 0.4659 0.0729 0.8818
vn 0.0245 0.0540 0.9982
vn 0.0668 0.3148 0.9468
vn 0.8538 -0.1846 0.4868
vn 0.9961 0.0625 -0.0625
vn 0.1145 0.3907 0.9134
vn 0.7892 0.2868 0.5431
vn 0.0978 0.5686 0.8168
vn 0.7130 -0.3072 0.6303
vn 0.2035 0.6863 0.6983
vn 0.8862 -0.1750 -0.4290
vn 0.4823 0.5396 0.6901
vn 0.9120 0.1391 -0.3858
vn 0.8512 0.4416 -0.2838
vn 0.1029 0.6966 0.7101
vn 0.9337 -0.3405 0.1109
vn 0.6881 -0.0791 -0.7213
vn 0.6471 0.7426 -0.1726
vn 0.3175 0.9445 -0.0838
vn 0.3223 -0.1397 0.9363
vn 0.6985 0.2000 -0.6871
vn 0.6488 0.4651 -0.6023
vn 0.9067 -0.0276 -0.4208
vn 0.5420 0.7040 -0.4588
vn 0.0693 0.4140 0.9076
vn 0.2666 0.8337 -0.4835
vn 0.1830 0.1064 0.9773
vn 0.3733 0.2441 -0.8950
vn 0.3262 0.5488 -0.7697
vn 0.2844 0.9098 0.3023
vn 0.5864 0.7684 0.2562
vt 0.878101 0.967472
vt 0.876349 0.956484
vt 0.865009 0.963683
vt 0.867386 0.972748
vt 0.434695 0.938215
vt 0.440952 0.943767
vt 0.451616 0.935920
vt 0.446907 0.929820
vt 0.936528 0.703712
vt 0.946114 0.712346
vt 0.952088 0.707587
vt 0.943290 0.699909
vt 0.872505 0.945028
vt 0.860430 0.953240
vt 0.449305 0.951164
vt 0.431734 0.954799
vt 0.441038 0.961119
vt 0.457525 0.943074
vt 0.854696 0.941653
vt 0.863853 0.934558
vt 0.878101 0.939492
vt 0.870495 0.929256
vt 0.851357 0.968595
vt 0.854670 0.976984
vt 0.849071 0.958957
vt 0.428604 0.967372
vt 0.434978 0.969183
vt 0.961717 0.713182
vt 0.968159 0.706466
vt 0.958530 0.700871
vt 0.950884 0.694023
vt 0.844694 0.948851
vt 0.465333 0.938458
vt 0.462767 0.932339
vt 0.936830 0.688730
vt 0.943653 0.686134
vt 0.448448 0.969590
vt 0.458207 0.960956
vt 0.466482 0.950997
vt 0.854667 0.925439
vt 0.845510 0.932533
vt 0.861621 0.921384
vt 0.439348 0.976882
vt 0.839668 0.971581
vt 0.844338 0.981453
vt 0.431837 0.059836
vt 0.428906 0.093182
vt 0.474408 0.942640
vt 0.837175 0.942459
vt 0.430419 0.978564
vt 0.837072 0.960697
vt 0.976230 0.700745
vt 0.966954 0.692902
vt 0.956642 0.684521
vt 0.945601 0.676391
vt 0.936528 0.676413
vt 0.975122 0.710528
vt 0.983981 0.705762
vt 0.456105 0.980193
vt 0.468069 0.969666
vt 0.477296 0.958631
vt 0.444916 0.985635
vt 0.482832 0.948162
vt 0.843277 0.919358
vt 0.833604 0.929285
vt 0.891300 0.002205
vt 0.878255 0.005898
vt 0.876587 0.012618
vt 0.891035 0.010035
vt 0.436289 0.987579
vt 0.891730 0.035096
vt 0.880245 0.034660
vt 0.826523 0.958930
vt 0.827760 0.972750
vt 0.827672 0.940925
vt 0.985487 0.690693
vt 0.976628 0.681809
vt 0.964384 0.673765
vt 0.992103 0.699126
vt 0.949118 0.666436
vt 0.940451 0.663294
vt 0.766912 0.994514
vt 0.774409 0.982427
vt 0.765548 0.979479
vt 0.756998 0.988863
vt 0.464482 0.987579
vt 0.476091 0.978660
vt 0.799695 0.906914
vt 0.776713 0.896905
vt 0.483468 0.967909
vt 0.892114 0.021740
vt 0.952049 0.111986
vt 0.959207 0.122768
vt 0.968855 0.121277
vt 0.960067 0.111042
vt 0.818156 0.957058
vt 0.819283 0.969968
vt 0.821598 0.939859
vt 0.949126 0.098686
vt 0.957704 0.098793
vt 0.906793 0.012397
vt 0.906469 0.022990
vt 0.877698 0.023251
vt 0.918172 0.017512
vt 0.916477 0.025924
vt 0.992147 0.682438
vt 0.982916 0.671556
vt 0.864976 0.017086
vt 0.866121 0.026649
vt 0.971035 0.663387
vt 0.956142 0.658055
vt 0.769835 0.966878
vt 0.757697 0.964440
vt 0.758497 0.976176
vt 0.943861 0.355928
vt 0.946264 0.368154
vt 0.977639 0.116358
vt 0.967526 0.109047
vt 0.968289 0.097495
vt 0.745863 0.996723
vt 0.747640 0.983225
vt 0.739638 0.989337
vt 0.749148 0.973823
vt 0.903267 0.034236
vt 0.914793 0.034224
vt 0.978750 0.128296
vt 0.986377 0.122891
vt 0.959574 0.084025
vt 0.969904 0.084052
vt 0.868747 0.035070
vt 0.975826 0.656675
vt 0.962395 0.652962
vt 0.963282 0.071260
vt 0.974513 0.073097
vt 0.748887 0.955530
vt 0.976736 0.106970
vt 0.899104 0.796603
vt 0.900074 0.781165
vt 0.708795 0.710969
vt 0.702964 0.562848
vt 0.692988 0.559773
vt 0.684402 0.709078
vt 0.687298 0.558021
vt 0.677251 0.708081
vt 0.757520 0.951694
vt 0.875534 0.049474
vt 0.884168 0.048871
vt 0.865563 0.046825
vt 0.723188 0.710581
vt 0.714507 0.561583
vt 0.610215 0.675210
vt 0.603414 0.670304
vt 0.556854 0.771275
vt 0.586012 0.760201
vt 0.523386 0.793976
vt 0.528940 0.800396
vt 0.755187 0.941137
vt 0.739638 0.941257
vt 0.977023 0.088874
vt 0.907177 0.049294
vt 0.476800 0.014676
vt 0.460238 0.016593
vt 0.446149 0.038836
vt 0.456956 0.042979
vt 0.463066 0.054536
vt 0.483468 0.109841
vt 0.986377 0.072751
vt 0.625476 0.681120
vt 0.603126 0.761876
vt 0.443932 0.002205
vt 0.434983 0.033875
vt 0.902346 0.158227
vt 0.864976 0.158021
vt 0.404082 0.059985
vt 0.360223 0.066012
vt 0.646245 0.677774
vt 0.627086 0.778912
vt 0.656125 0.816460
vt 0.650406 0.676933
vt 0.444695 0.045998
vt 0.454355 0.049561
vt 0.434574 0.042768
vt 0.178960 0.003777
vt 0.184554 0.008073
vt 0.202490 0.009481
vt 0.199284 0.002303
vt 0.423670 0.047986
vt 0.423789 0.042169
vt 0.441096 0.063704
vt 0.448463 0.066105
vt 0.206111 0.020960
vt 0.193760 0.022418
vt 0.385614 0.631580
vt 0.384828 0.654383
vt 0.391422 0.656648
vt 0.392208 0.633845
vt 0.366235 0.842100
vt 0.364444 0.841373
vt 0.214593 0.741074
vt 0.184301 0.741131
vt 0.179990 0.772766
vt 0.213071 0.772705
vt 0.269240 0.939429
vt 0.174551 0.774375
vt 0.170390 0.742744
vt 0.165146 0.742733
vt 0.168237 0.774360
vt 0.085026 0.941026
vt 0.739638 0.913872
vt 0.741817 0.935338
vt 0.394514 0.612065
vt 0.387060 0.610439
vt 0.221700 0.712309
vt 0.186226 0.712379
vt 0.193858 0.064102
vt 0.187087 0.064106
vt 0.438368 0.094751
vt 0.219371 0.064045
vt 0.167298 0.713992
vt 0.162055 0.713981
vt 0.901942 0.805725
vt 0.909707 0.834737
vt 0.916434 0.835641
vt 0.247116 0.002205
vt 0.729668 0.558021
vt 0.727597 0.609752
vt 0.729668 0.649912
vt 0.186995 0.025296
vt 0.165251 0.065715
vt 0.160967 0.065700
vt 0.133577 0.742658
vt 0.135483 0.774274
vt 0.082884 0.941019
vt 0.495863 0.723974
vt 0.495809 0.676455
vt 0.487877 0.687573
vt 0.487896 0.736246
vt 0.226109 0.051112
vt 0.251947 0.020874
vt 0.229732 0.064029
vt 0.129414 0.713903
vt 0.009375 0.742554
vt 0.012485 0.713810
vt 0.966557 0.843868
vt 0.960735 0.857677
vt 0.934829 0.435971
vt 0.933337 0.422200
vt 0.912925 0.422453
vt 0.914293 0.435077
vt 0.862295 0.740224
vt 0.860331 0.723088
vt 0.840466 0.728238
vt 0.843291 0.742381
vt 0.861254 0.759153
vt 0.842386 0.755509
vt 0.931516 0.409214
vt 0.909992 0.410269
vt 0.935271 0.451320
vt 0.914736 0.450426
vt 0.854174 0.707880
vt 0.835427 0.715798
vt 0.165778 0.009625
vt 0.167809 0.003876
vt 0.136015 0.002349
vt 0.136234 0.022487
vt 0.049856 0.742552
vt 0.954496 0.841097
vt 0.564910 0.598705
vt 0.557513 0.596517
vt 0.856319 0.775638
vt 0.837288 0.770565
vt 0.836808 0.805725
vt 0.835918 0.816765
vt 0.857819 0.819181
vt 0.858573 0.808501
vt 0.933429 0.467901
vt 0.914130 0.467354
vt 0.844614 0.694514
vt 0.827383 0.705150
vt 0.220172 0.741066
vt 0.218650 0.772697
vt 0.270239 0.897865
vt 0.244559 0.772644
vt 0.242891 0.741021
vt 0.264889 0.772599
vt 0.822175 0.733237
vt 0.825257 0.753141
vt 0.891685 0.418494
vt 0.894414 0.432612
vt 0.889144 0.406301
vt 0.894136 0.448754
vt 0.856485 0.832907
vt 0.836492 0.831125
vt 0.847490 0.789678
vt 0.829718 0.781564
vt 0.242824 0.712273
vt 0.879359 0.818644
vt 0.880249 0.807604
vt 0.873262 0.426386
vt 0.873660 0.437508
vt 0.870577 0.416497
vt 0.874575 0.449769
vt 0.244551 0.094185
vt 0.490816 0.769390
vt 0.246138 0.092756
vt 0.498386 0.769434
vt 0.893656 0.466829
vt 0.817523 0.696156
vt 0.831258 0.683027
vt 0.932495 0.485614
vt 0.912556 0.482780
vt 0.812451 0.718442
vt 0.896915 0.828117
vt 0.897533 0.817796
vt 0.873204 0.463262
vt 0.878161 0.832011
vt 0.816990 0.768561
vt 0.834375 0.801316
vt 0.819445 0.789982
vt 0.856887 0.849233
vt 0.835383 0.848163
vt 0.892597 0.483395
vt 0.586543 0.762656
vt 0.585935 0.765377
vt 0.600415 0.766961
vt 0.613986 0.772844
vt 0.796930 0.414957
vt 0.807223 0.413794
vt 0.807756 0.407944
vt 0.797301 0.407679
vt 0.895594 0.839418
vt 0.810987 0.446640
vt 0.800694 0.447802
vt 0.965883 0.446718
vt 0.961429 0.459931
vt 0.987889 0.462106
vt 0.992343 0.448893
vt 0.716594 0.935100
vt 0.711497 0.937208
vt 0.721001 0.947987
vt 0.725385 0.944653
vt 0.712555 0.922559
vt 0.706746 0.923439
vt 0.905501 0.852378
vt 0.901942 0.892225
vt 0.907180 0.891376
vt 0.039700 0.994265
vt 0.042862 0.948291
vt 0.002205 0.948291
vt 0.034517 0.994267
vt 0.804821 0.690381
vt 0.808190 0.681329
vt 0.929702 0.497243
vt 0.919161 0.492183
vt 0.819511 0.678592
vt 0.814991 0.502608
vt 0.810943 0.456773
vt 0.800651 0.457936
vt 0.804699 0.503771
vt 0.880570 0.367980
vt 0.876148 0.381204
vt 0.912323 0.383284
vt 0.916746 0.370061
vt 0.864976 0.387866
vt 0.869146 0.391003
vt 0.871406 0.379216
vt 0.875257 0.367145
vt 0.783606 0.410683
vt 0.783863 0.416444
vt 0.871505 0.477540
vt 0.948111 0.456050
vt 0.944603 0.457487
vt 0.954239 0.468148
vt 0.957020 0.465492
vt 0.943917 0.443560
vt 0.939681 0.443779
vt 0.787627 0.449289
vt 0.798574 0.453838
vt 0.786696 0.455187
vt 0.994294 0.434257
vt 0.967834 0.432083
vt 0.711605 0.909751
vt 0.706271 0.908655
vt 0.496235 0.773846
vt 0.487877 0.773334
vt 0.264810 0.065401
vt 0.282310 0.048111
vt 0.706248 0.547778
vt 0.705836 0.516514
vt 0.697507 0.515917
vt 0.251723 0.094177
vt 0.259235 0.740984
vt 0.253589 0.712244
vt 0.251331 0.094165
vt 0.807367 0.541087
vt 0.816868 0.540013
vt 0.814784 0.511314
vt 0.805681 0.512339
vt 0.926810 0.636825
vt 0.927548 0.614447
vt 0.915434 0.610728
vt 0.914389 0.631892
vt 0.934442 0.647270
vt 0.937534 0.643066
vt 0.925724 0.640934
vt 0.913610 0.637214
vt 0.792424 0.505169
vt 0.787584 0.459423
vt 0.918091 0.356572
vt 0.882486 0.353340
vt 0.877247 0.354512
vt 0.877052 0.849049
vt 0.882029 0.746027
vt 0.880096 0.763802
vt 0.886504 0.764204
vt 0.888393 0.747682
vt 0.336477 0.964456
vt 0.334287 0.946812
vt 0.327711 0.947162
vt 0.328657 0.964732
vt 0.841760 0.062535
vt 0.860566 0.061595
vt 0.857684 0.047344
vt 0.860164 0.074567
vt 0.886642 0.782441
vt 0.881564 0.781808
vt 0.916703 0.592303
vt 0.928816 0.596022
vt 0.928364 0.590918
vt 0.916251 0.587199
vt 0.809615 0.571213
vt 0.819116 0.570139
vt 0.819486 0.562861
vt 0.809985 0.563935
vt 0.937534 0.602359
vt 0.926960 0.599634
vt 0.935678 0.605970
vt 0.914847 0.595914
vt 0.807281 0.561355
vt 0.816782 0.560280
vt 0.795093 0.542485
vt 0.792217 0.513875
vt 0.803603 0.508242
vt 0.791329 0.509639
vt 0.901932 0.609529
vt 0.900037 0.631348
vt 0.900108 0.636015
vt 0.943986 0.430002
vt 0.939750 0.430221
vt 0.838558 0.081406
vt 0.857735 0.087643
vt 0.795228 0.711740
vt 0.813008 0.611336
vt 0.822509 0.610262
vt 0.929735 0.559329
vt 0.917623 0.555609
vt 0.129292 0.742644
vt 0.130128 0.774256
vt 0.085322 0.900733
vt 0.850711 0.034739
vt 0.834490 0.044187
vt 0.946057 0.027687
vt 0.930711 0.022709
vt 0.930711 0.041414
vt 0.946824 0.037789
vt 0.952402 0.019319
vt 0.940487 0.008732
vt 0.938803 0.057580
vt 0.950839 0.046591
vt 0.490246 0.964260
vt 0.494717 0.976653
vt 0.498960 0.975179
vt 0.495244 0.963987
vt 0.812241 0.618663
vt 0.820950 0.617677
vt 0.797340 0.572611
vt 0.797083 0.566850
vt 0.795797 0.562663
vt 0.903280 0.589952
vt 0.902748 0.586000
vt 0.902502 0.595274
vt 0.768556 0.412404
vt 0.768814 0.418165
vt 0.895338 0.852692
vt 0.852022 0.099440
vt 0.824714 0.650522
vt 0.822629 0.621824
vt 0.814318 0.622761
vt 0.816004 0.651508
vt 0.912997 0.534967
vt 0.924854 0.537294
vt 0.921647 0.515135
vt 0.910306 0.513949
vt 0.932965 0.545888
vt 0.935271 0.541206
vt 0.924507 0.541529
vt 0.913166 0.540343
vt 0.801525 0.612645
vt 0.905277 0.554969
vt 0.772578 0.451010
vt 0.772438 0.456820
vt 0.966136 0.418325
vt 0.992596 0.420500
vt 0.716832 0.896408
vt 0.711498 0.895313
vt 0.623818 0.783268
vt 0.827987 0.679084
vt 0.827332 0.673371
vt 0.818622 0.674357
vt 0.907596 0.496380
vt 0.919658 0.496773
vt 0.907099 0.491790
vt 0.895678 0.493684
vt 0.805709 0.652679
vt 0.801645 0.624207
vt 0.800757 0.619972
vt 0.898761 0.514695
vt 0.900011 0.537300
vt 0.900900 0.541882
vt 0.490768 0.951906
vt 0.495766 0.951633
vt 0.778165 0.506802
vt 0.773326 0.461055
vt 0.880754 0.339586
vt 0.916358 0.342818
vt 0.875515 0.340758
vt 0.654626 0.036353
vt 0.654773 0.002205
vt 0.119877 0.742625
vt 0.120449 0.713912
vt 0.126511 0.095821
vt 0.119689 0.095838
vt 0.835476 0.866815
vt 0.818156 0.852560
vt 0.818570 0.866461
vt 0.856583 0.866538
vt 0.807139 0.675666
vt 0.778259 0.511134
vt 0.947869 0.417357
vt 0.944811 0.416814
vt 0.106459 0.049709
vt 0.057224 0.095731
vt 0.013652 0.065544
vt 0.117503 0.065578
vt 0.102398 0.056896
vt 0.689449 0.516440
vt 0.706248 0.002205
vt 0.698191 0.002727
vt 0.688516 0.541305
vt 0.941944 0.617646
vt 0.941944 0.645436
vt 0.949025 0.646790
vt 0.949632 0.617975
vt 0.107014 0.774203
vt 0.888393 0.797969
vt 0.881986 0.797568
vt 0.885684 0.497849
vt 0.896051 0.497126
vt 0.780834 0.544117
vt 0.777958 0.515507
vt 0.886303 0.633229
vt 0.889355 0.611968
vt 0.887222 0.637242
vt 0.340888 0.952273
vt 0.348847 0.980579
vt 0.355814 0.981101
vt 0.353351 0.953588
vt 0.802359 0.777480
vt 0.807654 0.795681
vt 0.841858 0.025108
vt 0.335531 0.980069
vt 0.327711 0.980345
vt 0.783873 0.574155
vt 0.783616 0.568394
vt 0.783520 0.564070
vt 0.890703 0.592392
vt 0.890171 0.588439
vt 0.890773 0.597059
vt 0.699422 0.942979
vt 0.701862 0.884158
vt 0.695521 0.884989
vt 0.692206 0.943541
vt 0.728467 0.783171
vt 0.732712 0.787991
vt 0.732712 0.735762
vt 0.091445 0.095781
vt 0.091246 0.713859
vt 0.113272 0.065631
vt 0.106000 0.065619
vt 0.964339 0.617646
vt 0.958594 0.645930
vt 0.968040 0.645930
vt 0.099581 0.742622
vt 0.113167 0.742649
vt 0.047271 0.948291
vt 0.047271 0.960158
vt 0.053814 0.953456
vt 0.271198 0.740951
vt 0.953973 0.066851
vt 0.960555 0.052754
vt 0.843138 0.109958
vt 0.827683 0.094899
vt 0.788455 0.614140
vt 0.893549 0.556754
vt 0.961350 0.015380
vt 0.956331 0.002205
vt 0.964933 0.034242
vt 0.791421 0.689029
vt 0.795749 0.681307
vt 0.778590 0.713656
vt 0.790459 0.621152
vt 0.495123 0.940380
vt 0.498960 0.940895
vt 0.860566 0.396954
vt 0.848389 0.391782
vt 0.838793 0.399424
vt 0.629745 0.796840
vt 0.636979 0.811538
vt 0.681473 0.010912
vt 0.684107 0.002205
vt 0.666254 0.006208
vt 0.665512 0.010023
vt 0.271604 0.071130
vt 0.289886 0.048091
vt 0.487877 0.025189
vt 0.487877 0.643272
vt 0.518976 0.643304
vt 0.518976 0.025221
vt 0.504651 0.002212
vt 0.498272 0.002205
vt 0.661642 0.037122
vt 0.668442 0.038658
vt 0.058511 0.957773
vt 0.954185 0.648062
vt 0.498606 0.672031
vt 0.512560 0.672046
vt 0.281166 0.740923
vt 0.288017 0.772533
vt 0.272285 0.897711
vt 0.876748 0.866354
vt 0.796049 0.676934
vt 0.793431 0.654085
vt 0.789367 0.625613
vt 0.888779 0.541119
vt 0.887530 0.518514
vt 0.886057 0.501292
vt 0.890389 0.544908
vt 0.752713 0.414223
vt 0.753761 0.419895
vt 0.758317 0.452651
vt 0.759366 0.458324
vt 0.987889 0.408476
vt 0.961429 0.406301
vt 0.725385 0.886000
vt 0.721240 0.884158
vt 0.765093 0.508305
vt 0.759066 0.462696
vt 0.876019 0.327574
vt 0.912268 0.331662
vt 0.871425 0.329601
vt 0.355814 0.946812
vt 0.340886 0.947667
vt 0.978570 0.290576
vt 0.977441 0.273030
vt 0.968134 0.276507
vt 0.969518 0.290962
vt 0.103190 0.742594
vt 0.895354 0.865245
vt 0.831014 0.018453
vt 0.819330 0.034870
vt 0.765978 0.512549
vt 0.957020 0.408062
vt 0.953235 0.406301
vt 0.971249 0.017235
vt 0.974507 0.206747
vt 0.969669 0.208126
vt 0.968080 0.225926
vt 0.973433 0.225234
vt 0.515441 0.939545
vt 0.511186 0.937998
vt 0.512870 0.957399
vt 0.518740 0.957135
vt 0.764886 0.517011
vt 0.769742 0.545395
vt 0.875192 0.637440
vt 0.877268 0.642012
vt 0.879092 0.615525
vt 0.703982 0.833725
vt 0.686764 0.832438
vt 0.567040 0.665895
vt 0.644514 0.588592
vt 0.637667 0.582518
vt 0.561097 0.660307
vt 0.677232 0.039918
vt 0.289202 0.094079
vt 0.302693 0.065291
vt 0.971948 0.923227
vt 0.969827 0.906450
vt 0.957443 0.915467
vt 0.959216 0.924573
vt 0.967510 0.896634
vt 0.955939 0.908276
vt 0.831009 0.117763
vt 0.869353 0.491456
vt 0.771990 0.575521
vt 0.770380 0.568469
vt 0.771635 0.565436
vt 0.834592 0.242809
vt 0.841276 0.241065
vt 0.839909 0.235375
vt 0.833264 0.235684
vt 0.881668 0.601175
vt 0.879512 0.597755
vt 0.711182 0.833533
vt 0.537320 0.933069
vt 0.565219 0.877859
vt 0.057673 0.971411
vt 0.048111 0.970252
vt 0.835978 0.884387
vt 0.818278 0.881341
vt 0.793557 0.798750
vt 0.785557 0.777968
vt 0.776174 0.615555
vt 0.778576 0.622518
vt 0.881066 0.592555
vt 0.882438 0.560965
vt 0.830118 0.195543
vt 0.836875 0.195235
vt 0.834476 0.188162
vt 0.827833 0.188472
vt 0.932309 0.268621
vt 0.963671 0.243762
vt 0.937318 0.209571
vt 0.930711 0.211556
vt 0.572219 0.624262
vt 0.727597 0.731353
vt 0.732712 0.692076
vt 0.727597 0.654321
vt 0.857085 0.884111
vt 0.974507 0.243024
vt 0.968737 0.241778
vt 0.970340 0.939528
vt 0.958070 0.935829
vt 0.930901 0.760995
vt 0.931358 0.743421
vt 0.925145 0.741799
vt 0.924843 0.759021
vt 0.784821 0.684013
vt 0.784166 0.678301
vt 0.808746 0.858957
vt 0.813747 0.850667
vt 0.807420 0.842602
vt 0.804106 0.850524
vt 0.781548 0.655451
vt 0.778275 0.626891
vt 0.880539 0.546771
vt 0.879289 0.524166
vt 0.826126 0.155456
vt 0.832770 0.155147
vt 0.829557 0.132284
vt 0.822912 0.132594
vt 0.882149 0.550560
vt 0.936732 0.206747
vt 0.931389 0.206999
vt 0.940688 0.083257
vt 0.944717 0.071260
vt 0.937295 0.072755
vt 0.933266 0.084751
vt 0.777952 0.690582
vt 0.764482 0.692134
vt 0.877817 0.506944
vt 0.877320 0.502353
vt 0.866704 0.500781
vt 0.735228 0.007851
vt 0.720878 0.002205
vt 0.715442 0.037632
vt 0.732184 0.041131
vt 0.099734 0.095729
vt 0.095450 0.095714
vt 0.511186 0.975192
vt 0.516500 0.973918
vt 0.422762 0.962386
vt 0.423925 0.952190
vt 0.413010 0.943367
vt 0.412867 0.960054
vt 0.970768 0.066118
vt 0.970515 0.053173
vt 0.557117 0.838358
vt 0.973004 0.004344
vt 0.978790 0.046327
vt 0.739638 0.415735
vt 0.741875 0.421269
vt 0.272345 0.942403
vt 0.877250 0.883926
vt 0.820319 0.014669
vt 0.978912 0.024750
vt 0.981670 0.034938
vt 0.744450 0.454252
vt 0.747479 0.459698
vt 0.837690 0.392302
vt 0.846682 0.358766
vt 0.834914 0.359338
vt 0.843402 0.353183
vt 0.832703 0.353702
vt 0.273572 0.897599
vt 0.278071 0.942129
vt 0.324703 0.772427
vt 0.747178 0.464071
vt 0.751854 0.508389
vt 0.754092 0.513924
vt 0.845094 0.348770
vt 0.841762 0.302888
vt 0.830068 0.304895
vt 0.834395 0.349290
vt 0.838556 0.298740
vt 0.827858 0.299260
vt 0.869570 0.319015
vt 0.864976 0.321042
vt 0.673302 0.533814
vt 0.674530 0.553079
vt 0.684107 0.553612
vt 0.680103 0.535349
vt 0.289939 0.740898
vt 0.289075 0.712150
vt 0.294257 0.712138
vt 0.968134 0.307176
vt 0.976393 0.308583
vt 0.355813 0.772321
vt 0.753000 0.518385
vt 0.757692 0.545341
vt 0.760938 0.566673
vt 0.840247 0.294327
vt 0.836849 0.265724
vt 0.826225 0.267679
vt 0.829549 0.294847
vt 0.832826 0.245786
vt 0.823198 0.246253
vt 0.946696 0.533387
vt 0.951512 0.531731
vt 0.946371 0.522322
vt 0.941555 0.523979
vt 0.866704 0.643981
vt 0.868780 0.648553
vt 0.365912 0.846328
vt 0.362722 0.842649
vt 0.896041 0.878427
vt 0.812122 0.098553
vt 0.818584 0.119826
vt 0.759682 0.569706
vt 0.761292 0.576758
vt 0.766665 0.616655
vt 0.823636 0.236152
vt 0.824964 0.243276
vt 0.821559 0.195959
vt 0.501069 0.935971
vt 0.504510 0.933813
vt 0.499099 0.925824
vt 0.495657 0.927982
vt 0.871873 0.603641
vt 0.874029 0.607062
vt 0.511186 0.933589
vt 0.518976 0.878030
vt 0.511186 0.866231
vt 0.330509 0.020633
vt 0.931380 0.701934
vt 0.909042 0.652962
vt 0.916099 0.714213
vt 0.930711 0.267367
vt 0.792789 0.134110
vt 0.803993 0.133533
vt 0.081147 0.742546
vt 0.092826 0.713831
vt 0.080198 0.713801
vt 0.899855 0.762514
vt 0.898832 0.746027
vt 0.892803 0.746493
vt 0.893959 0.762619
vt 0.966372 0.953709
vt 0.955939 0.943318
vt 0.775311 0.685113
vt 0.774657 0.679400
vt 0.803747 0.867246
vt 0.798163 0.856709
vt 0.772039 0.656551
vt 0.768766 0.627990
vt 0.828567 0.184112
vt 0.817568 0.155872
vt 0.820008 0.184528
vt 0.814353 0.133009
vt 0.769067 0.623618
vt 0.819274 0.188887
vt 0.305491 0.740853
vt 0.360223 0.848080
vt 0.362516 0.849241
vt 0.836890 0.900881
vt 0.819374 0.893443
vt 0.780949 0.797308
vt 0.769202 0.792873
vt 0.263312 0.954445
vt 0.252717 0.963587
vt 0.267433 0.963846
vt 0.254165 0.946812
vt 0.244026 0.946891
vt 0.822615 0.126852
vt 0.814057 0.127267
vt 0.871554 0.508699
vt 0.674085 0.042828
vt 0.669690 0.042198
vt 0.293988 0.094063
vt 0.942314 0.273030
vt 0.930711 0.281730
vt 0.931838 0.292298
vt 0.943785 0.290279
vt 0.267213 0.974522
vt 0.260324 0.981095
vt 0.963724 0.280848
vt 0.952068 0.273030
vt 0.948195 0.290529
vt 0.962544 0.291828
vt 0.292796 0.094059
vt 0.286817 0.094071
vt 0.735228 0.537471
vt 0.723813 0.040926
vt 0.726857 0.537266
vt 0.305423 0.712105
vt 0.857600 0.899258
vt 0.808702 0.013807
vt 0.802552 0.035705
vt 0.920434 0.742775
vt 0.914462 0.741799
vt 0.910325 0.753787
vt 0.916296 0.754763
vt 0.423925 0.972193
vt 0.413448 0.978633
vt 0.931970 0.778758
vt 0.924843 0.778428
vt 0.751831 0.700826
vt 0.763888 0.725480
vt 0.039360 0.774152
vt 0.084013 0.774158
vt 0.077640 0.943882
vt 0.518976 0.677296
vt 0.516631 0.676455
vt 0.513457 0.861661
vt 0.516631 0.861822
vt 0.036371 0.774155
vt 0.511111 0.860820
vt 0.782997 0.157658
vt 0.776184 0.158029
vt 0.939391 0.101534
vt 0.930711 0.102764
vt 0.769986 0.768184
vt 0.758317 0.785445
vt 0.929410 0.834266
vt 0.925221 0.805725
vt 0.920843 0.806001
vt 0.923961 0.837360
vt 0.475331 0.913063
vt 0.469355 0.923286
vt 0.475143 0.925411
vt 0.480065 0.913388
vt 0.798548 0.974133
vt 0.811623 0.969259
vt 0.811623 0.941100
vt 0.799677 0.945221
vt 0.821345 0.360017
vt 0.824195 0.394417
vt 0.808824 0.395204
vt 0.107081 0.048247
vt 0.098227 0.052575
vt 0.701862 0.950794
vt 0.303890 0.063841
vt 0.719826 0.044504
vt 0.712252 0.040495
vt 0.093024 0.095753
vt 0.087669 0.095735
vt 0.080396 0.095723
vt 0.947558 0.961071
vt 0.951530 0.959631
vt 0.947617 0.948679
vt 0.941753 0.949392
vt 0.905168 0.950879
vt 0.910275 0.961745
vt 0.820825 0.349969
vt 0.820278 0.355765
vt 0.817568 0.305523
vt 0.435044 0.921861
vt 0.441227 0.925276
vt 0.445558 0.913877
vt 0.440428 0.912262
vt 0.878162 0.900420
vt 0.930711 0.302584
vt 0.942871 0.310695
vt 0.949928 0.310054
vt 0.963724 0.302745
vt 0.801669 0.127896
vt 0.805089 0.121940
vt 0.796116 0.093594
vt 0.788577 0.862057
vt 0.797365 0.851992
vt 0.787779 0.857340
vt 0.799744 0.881431
vt 0.794172 0.833125
vt 0.784586 0.838472
vt 0.790180 0.809542
vt 0.781808 0.815168
vt 0.808578 0.185103
vt 0.806138 0.156447
vt 0.788367 0.805725
vt 0.779524 0.810299
vt 0.808914 0.189411
vt 0.945124 0.602877
vt 0.941944 0.611029
vt 0.948921 0.613236
vt 0.952710 0.604476
vt 0.810129 0.196534
vt 0.883390 0.956418
vt 0.893601 0.952387
vt 0.893601 0.919358
vt 0.882511 0.922862
vt 0.812167 0.238162
vt 0.989969 0.602884
vt 0.984319 0.612330
vt 0.990936 0.613236
vt 0.995335 0.603870
vt 0.812464 0.243904
vt 0.491824 0.916604
vt 0.495867 0.915334
vt 0.812725 0.246775
vt 0.753803 0.567506
vt 0.748577 0.546401
vt 0.813725 0.268306
vt 0.744512 0.517929
vt 0.817123 0.296909
vt 0.943007 0.511706
vt 0.940006 0.512452
vt 0.815358 0.299887
vt 0.930711 0.200232
vt 0.936506 0.202337
vt 0.940608 0.192837
vt 0.935214 0.192021
vt 0.790878 0.401892
vt 0.611660 0.850292
vt 0.093308 0.095707
vt 0.237094 0.951734
vt 0.067236 0.002227
vt 0.065318 0.003672
vt 0.381527 0.868098
vt 0.380338 0.853760
vt 0.360223 0.864247
vt 0.361296 0.875097
vt 0.710657 0.041927
vt 0.897533 0.891875
vt 0.866704 0.746027
vt 0.866704 0.800264
vt 0.875687 0.748501
vt 0.060509 0.052560
vt 0.041068 0.022362
vt 0.313462 0.063808
vt 0.920843 0.889929
vt 0.066931 0.066956
vt 0.061171 0.095724
vt 0.893639 0.780287
vt 0.248680 0.996300
vt 0.264821 0.993781
vt 0.251793 0.981796
vt 0.796238 0.017303
vt 0.233562 0.961223
vt 0.235924 0.971850
vt 0.240880 0.978909
vt 0.893576 0.314606
vt 0.876368 0.313050
vt 0.581432 0.943391
vt 0.583984 0.943003
vt 0.314995 0.712073
vt 0.317056 0.740817
vt 0.938654 0.120508
vt 0.932098 0.122300
vt 0.750273 0.774796
vt 0.761916 0.750307
vt 0.743090 0.761155
vt 0.768995 0.813542
vt 0.769323 0.818905
vt 0.946976 0.592731
vt 0.955171 0.593724
vt 0.795347 0.185786
vt 0.797709 0.189989
vt 0.796897 0.197217
vt 0.868967 0.741618
vt 0.900243 0.715678
vt 0.904633 0.652962
vt 0.866704 0.735048
vt 0.858126 0.911980
vt 0.837812 0.914949
vt 0.224131 0.946812
vt 0.217954 0.961659
vt 0.944717 0.136480
vt 0.937562 0.134861
vt 0.741213 0.723750
vt 0.778049 0.865299
vt 0.777250 0.860582
vt 0.777561 0.876138
vt 0.774057 0.841715
vt 0.793976 0.157078
vt 0.791422 0.128420
vt 0.189641 0.971880
vt 0.179566 0.969677
vt 0.178960 0.995058
vt 0.190933 0.997576
vt 0.992430 0.592131
vt 0.798936 0.238844
vt 0.490246 0.904743
vt 0.494289 0.903473
vt 0.283597 0.949389
vt 0.272872 0.946812
vt 0.271842 0.966902
vt 0.283872 0.969133
vt 0.799494 0.247458
vt 0.800190 0.244533
vt 0.801451 0.268936
vt 0.944391 0.935080
vt 0.938526 0.935794
vt 0.449357 0.899118
vt 0.442783 0.899531
vt 0.805567 0.350757
vt 0.805976 0.356500
vt 0.806048 0.362240
vt 0.782785 0.975819
vt 0.783949 0.948103
vt 0.477882 0.898418
vt 0.483468 0.897340
vt 0.060972 0.713802
vt 0.212253 0.970306
vt 0.202482 0.971880
vt 0.054762 0.742542
vt 0.909042 0.770745
vt 0.915626 0.770841
vt 0.793397 0.119643
vt 0.997795 0.593116
vt 0.271842 0.992291
vt 0.284473 0.995137
vt 0.802822 0.297644
vt 0.944380 0.498838
vt 0.939681 0.498479
vt 0.803157 0.301952
vt 0.942918 0.180097
vt 0.938183 0.179789
vt 0.803267 0.306257
vt 0.901942 0.937280
vt 0.361661 0.887760
vt 0.381396 0.884812
vt 0.786062 0.023568
vt 0.788357 0.045049
vt 0.210375 0.950567
vt 0.422605 0.867989
vt 0.421415 0.853651
vt 0.400426 0.855862
vt 0.401098 0.869513
vt 0.740145 0.735450
vt 0.739638 0.748529
vt 0.231827 0.990545
vt 0.757524 0.814680
vt 0.756637 0.819764
vt 0.946891 0.581199
vt 0.954725 0.580891
vt 0.784368 0.186366
vt 0.785772 0.190622
vt 0.784961 0.197850
vt 0.909042 0.737390
vt 0.932119 0.703401
vt 0.219377 0.978207
vt 0.201775 0.946812
vt 0.188935 0.946812
vt 0.189076 0.951826
vt 0.200604 0.952140
vt 0.765363 0.866158
vt 0.761161 0.879165
vt 0.781810 0.134690
vt 0.781513 0.128949
vt 0.203774 0.997576
vt 0.582650 0.850578
vt 0.574184 0.883043
vt 0.344906 0.711979
vt 0.342576 0.063714
vt 0.344074 0.022022
vt 0.346967 0.740723
vt 0.782979 0.002205
vt 0.768711 0.010113
vt 0.892803 0.795365
vt 0.749578 0.862529
vt 0.742676 0.876803
vt 0.756592 0.866030
vt 0.743307 0.858256
vt 0.767421 0.123883
vt 0.782553 0.112988
vt 0.991984 0.579299
vt 0.787000 0.239478
vt 0.997598 0.578377
vt 0.491974 0.890140
vt 0.295130 0.949429
vt 0.297309 0.969442
vt 0.495566 0.892017
vt 0.788515 0.248038
vt 0.787184 0.245219
vt 0.788445 0.269621
vt 0.297910 0.995446
vt 0.789816 0.298329
vt 0.946860 0.485541
vt 0.942160 0.485181
vt 0.942659 0.166659
vt 0.937924 0.166351
vt 0.790151 0.302638
vt 0.790261 0.306943
vt 0.944442 0.920376
vt 0.937879 0.920275
vt 0.448749 0.884389
vt 0.442175 0.884802
vt 0.791491 0.351494
vt 0.792970 0.357185
vt 0.792085 0.362978
vt 0.362139 0.901373
vt 0.381377 0.902475
vt 0.757380 0.915309
vt 0.747539 0.814272
vt 0.747394 0.818583
vt 0.945588 0.570881
vt 0.952453 0.569880
vt 0.741739 0.811051
vt 0.739638 0.815855
vt 0.942210 0.564293
vt 0.949324 0.561384
vt 0.982015 0.177726
vt 0.981945 0.162373
vt 0.477469 0.881775
vt 0.480558 0.880923
vt 0.793791 0.395994
vt 0.476315 0.853650
vt 0.469546 0.855977
vt 0.474690 0.867628
vt 0.774040 0.135115
vt 0.057008 0.065531
vt 0.036388 0.022386
vt 0.017275 0.022394
vt 0.930766 0.372935
vt 0.922500 0.334907
vt 0.922957 0.370864
vt 0.927348 0.319016
vt 0.057025 0.713809
vt 0.765779 0.861721
vt 0.756536 0.860540
vt 0.772673 0.129425
vt 0.213545 0.996002
vt 0.776598 0.186791
vt 0.742727 0.054588
vt 0.763690 0.054916
vt 0.402305 0.886050
vt 0.910907 0.788731
vt 0.917218 0.787704
vt 0.989961 0.566380
vt 0.777191 0.198274
vt 0.777203 0.240007
vt 0.495507 0.878200
vt 0.499099 0.880077
vt 0.504510 0.872816
vt 0.501444 0.869811
vt 0.778718 0.248568
vt 0.777691 0.270204
vt 0.995575 0.565458
vt 0.991117 0.554969
vt 0.985863 0.557191
vt 0.423811 0.884527
vt 0.777104 0.032651
vt 0.780840 0.061257
vt 0.769290 0.043117
vt 0.310249 0.967559
vt 0.312154 0.993217
vt 0.778105 0.298965
vt 0.951512 0.473990
vt 0.947444 0.472557
vt 0.939831 0.152522
vt 0.935496 0.153502
vt 0.779398 0.303220
vt 0.934644 0.140889
vt 0.930711 0.143158
vt 0.946589 0.908110
vt 0.940420 0.906828
vt 0.445970 0.870242
vt 0.439792 0.871945
vt 0.951530 0.899099
vt 0.945755 0.896634
vt 0.440825 0.858591
vt 0.435044 0.861584
vt 0.361907 0.916800
vt 0.380953 0.920402
vt 0.979116 0.148236
vt 0.779781 0.352130
vt 0.778550 0.307578
vt 0.757761 0.022171
vt 0.914123 0.800250
vt 0.920434 0.799223
vt 0.782080 0.396630
vt 0.780374 0.363614
vt 0.027376 0.002205
vt 0.025682 0.009413
vt 0.799806 0.917894
vt 0.776337 0.917026
vt 0.585702 0.887838
vt 0.784827 0.078326
vt 0.761261 0.067992
vt 0.765658 0.090804
vt 0.360223 0.928914
vt 0.379401 0.938204
vt 0.802073 0.929559
vt 0.780545 0.936691
vt 0.352016 0.007624
vt 0.336457 0.007685
vt 0.402287 0.903715
vt 0.423792 0.902191
vt 0.749100 0.036996
vt 0.583867 0.604815
vt 0.568217 0.614272
vt 0.922500 0.390252
vt 0.009894 0.009439
vt 0.401959 0.920391
vt 0.395591 0.983979
vt 0.388525 0.977524
vt 0.422548 0.920980
vt 0.566855 0.562782
vt 0.570839 0.562132
vt 0.527767 0.024955
vt 0.524968 0.025986
vt 0.570887 0.597730
vt 0.526184 0.002205
vt 0.523386 0.003236
vt 0.760846 0.934049
vt 0.651386 0.629267
vt 0.648923 0.628270
vt 0.649911 0.660278
vt 0.653120 0.660346
vt 0.400503 0.936943
vt 0.650670 0.037214
vt 0.562240 0.615247
vt 0.651959 0.603261
vt 0.657233 0.602114
vt 0.657233 0.628761
vt 0.655758 0.659773
vt 0.419658 0.938958
vt 0.554745 0.611867
vt 0.553464 0.936404
vt 0.543738 0.604457
vt 0.537872 0.610304
vt 0.551618 0.615887
vt 0.378530 0.982613
vt 0.561584 0.621222
vt 0.570470 0.939324
vt 0.539972 0.652535
vt 0.574948 0.948651
vt 0.697883 0.845510
vt 0.686380 0.845583
vt 0.710798 0.846678
vt 0.681083 0.830286
vt 0.674885 0.845660
vt 0.550533 0.943546
vt 0.538193 0.943966
vt 0.722505 0.840241
vt 0.719426 0.846927
vt 0.957289 0.367756
vt 0.971496 0.370459
vt 0.962236 0.351747
vt 0.954886 0.355530
vt 0.960040 0.379841
vt 0.563961 0.946311
vt 0.683302 0.852674
vt 0.697620 0.854675
vt 0.710536 0.855843
vt 0.671798 0.853151
vt 0.722030 0.856575
vt 0.963700 0.333114
vt 0.953607 0.344591
vt 0.537181 0.955168
vt 0.549690 0.956141
vt 0.562949 0.957513
vt 0.528849 0.945537
vt 0.525229 0.954923
vt 0.953064 0.380536
vt 0.681496 0.865787
vt 0.695815 0.867788
vt 0.711636 0.867841
vt 0.670116 0.861879
vt 0.942644 0.343706
vt 0.575545 0.959401
vt 0.723188 0.866580
vt 0.583325 0.949175
vt 0.505400 0.793809
vt 0.502796 0.800502
vt 0.505400 0.810659
vt 0.966381 0.326703
vt 0.954667 0.331995
vt 0.502796 0.789400
vt 0.504685 0.775626
vt 0.502796 0.770129
vt 0.939808 0.890330
vt 0.939808 0.875745
vt 0.937143 0.871091
vt 0.933819 0.883301
vt 0.946882 0.329597
vt 0.585725 0.959140
vt 0.734930 0.909707
vt 0.730755 0.898713
vt 0.730755 0.922031
vt 0.663415 0.845345
vt 0.661642 0.857261
vt 0.523386 0.965249
vt 0.535312 0.967219
vt 0.547989 0.969586
vt 0.562494 0.969444
vt 0.935605 0.837530
vt 0.933819 0.851780
vt 0.940159 0.853947
vt 0.943166 0.838388
vt 0.958658 0.323021
vt 0.575115 0.969606
vt 0.681201 0.876552
vt 0.695487 0.879749
vt 0.709905 0.878566
vt 0.394148 0.997755
vt 0.402946 0.986706
vt 0.386277 0.992173
vt 0.721522 0.874912
vt 0.948508 0.812913
vt 0.940251 0.823582
vt 0.948766 0.824541
vt 0.955848 0.813733
vt 0.941216 0.327727
vt 0.936045 0.341310
vt 0.585464 0.970739
vt 0.524759 0.974670
vt 0.535802 0.979215
vt 0.548479 0.981582
vt 0.949472 0.856436
vt 0.561402 0.980166
vt 0.573660 0.979268
vt 0.950903 0.866682
vt 0.960417 0.866293
vt 0.373843 0.997755
vt 0.367233 0.987824
vt 0.942860 0.766829
vt 0.953529 0.774585
vt 0.961218 0.766839
vt 0.950670 0.762894
vt 0.938867 0.754076
vt 0.948063 0.751614
vt 0.966277 0.778575
vt 0.971333 0.769227
vt 0.936528 0.740740
vt 0.947110 0.739750
vt 0.936528 0.728790
vt 0.947950 0.728646
vt 0.941109 0.718077
vt 0.947525 0.719878
vt 0.968912 0.864337
vt 0.973467 0.853284
vt 0.961823 0.752856
vt 0.361882 0.973544
vt 0.375094 0.969824
vt 0.975134 0.755006
vt 0.960731 0.739650
vt 0.961432 0.727204
vt 0.960168 0.717591
vt 0.982834 0.841287
vt 0.983066 0.855758
vt 0.975852 0.740092
vt 0.974189 0.723985
vt 0.567884 0.842757
vt 0.733542 0.865025
vt 0.730755 0.865016
vt 0.734723 0.894304
vt 0.734723 0.848179
vt 0.924843 0.783424
vt 0.924843 0.800250
vt 0.928990 0.798826
vt 0.734694 0.570683
vt 0.734077 0.558021
vt 0.734077 0.586336
vt 0.783910 0.406301
vt 0.969603 0.529942
vt 0.955921 0.501020
vt 0.955966 0.512814
vt 0.960143 0.486650
vt 0.969603 0.472557
vt 0.504330 0.737337
vt 0.502796 0.754245
vt 0.504330 0.765719
vt 0.502796 0.676455
vt 0.502796 0.732928
vt 0.504245 0.694642
vt 0.834412 0.982179
vt 0.777509 0.969172
vt 0.778376 0.955843
vt 0.768538 0.952453
vt 0.926302 0.035791
vt 0.920263 0.045152
vt 0.767038 0.941100
vt 0.422941 0.064996
vt 0.165265 0.024031
vt 0.156584 0.023994
vt 0.132498 0.065629
vt 0.133348 0.052682
vt 0.407999 0.101856
vt 0.123929 0.067038
vt 0.661642 0.902660
vt 0.671297 0.909913
vt 0.109409 0.002205
vt 0.002205 0.774172
vt 0.728467 0.792400
vt 0.728467 0.843770
vt 0.734723 0.820694
vt 0.498386 0.783774
vt 0.490246 0.778255
vt 0.490246 0.865402
vt 0.772631 0.103410
vt 0.009493 0.023852
vt 0.308069 0.947546
vt 0.758228 0.896241
vt 0.755211 0.111538
vt 0.740215 0.894931
vt 0.744991 0.096218
vt 0.739638 0.073459
vt 0.904633 0.737072
vt 0.523386 0.657829
vt 0.935175 0.354668
vt 0.937517 0.368178
vt 0.971496 0.319016
vt 0.408106 0.970192
vt 0.398740 0.967216
vt 0.408458 0.956158
vt 0.398995 0.954424
vt 0.405303 0.944481
vt 0.396715 0.943368
vt 0.959031 0.827130
vt 0.386839 0.965976
vt 0.962283 0.805725
vt 0.963984 0.816082
vt 0.971328 0.809622
vt 0.386997 0.954426
vt 0.385757 0.944239
vt 0.971853 0.819840
vt 0.981013 0.816479
vt 0.969871 0.831209
vt 0.373339 0.956783
vt 0.983066 0.828288
vt 0.373262 0.943491
vt 0.360223 0.959261
vt 0.361380 0.944355
vt 0.000000 0.000000
s 1
usemtl Material.002
f 2/1/2 1/2/1 3/3/3 8/4/8
f 1/5/1 2/6/2 4/7/4 6/8/6
f 5/9/5 1/10/1 6/11/6 11/12/11
f 1/2/1 5/13/5 7/14/7 3/3/3
f 9/15/9 2/6/2 8/16/8 16/17/16
f 10/18/10 4/7/4 2/6/2 9/15/9
f 12/19/12 7/14/7 5/13/5 13/20/13
f 13/20/13 5/13/5 11/21/11 22/22/22
f 8/4/8 3/3/3 14/23/14 17/24/17
f 3/3/3 7/14/7 15/25/15 14/23/14
f 16/17/16 8/16/8 17/26/17 28/27/28
f 6/11/6 4/28/4 18/29/18 19/30/19
f 11/12/11 6/11/6 19/30/19 23/31/23
f 7/14/7 12/19/12 20/32/20 15/25/15
f 4/7/4 10/18/10 21/33/21 18/34/18
f 22/35/22 11/12/11 23/31/23 38/36/38
f 9/15/9 16/17/16 24/37/24 25/38/25
f 10/18/10 9/15/9 25/38/25 32/39/32
f 12/19/12 13/20/13 26/40/26 33/41/33
f 13/20/13 22/22/22 27/42/27 26/40/26
f 16/17/16 28/27/28 29/43/29 24/37/24
f 17/24/17 14/23/14 30/44/30 34/45/34
f 131/46/131 893/46/878 896/47/881 140/47/140
f 21/33/21 10/18/10 32/39/32 40/48/40
f 20/32/20 12/19/12 33/41/33 35/49/35
f 28/27/28 17/26/17 34/50/34 29/43/29
f 15/25/15 20/32/20 35/49/35 31/51/31
f 19/30/19 18/29/18 36/52/36 37/53/37
f 23/31/23 19/30/19 37/53/37 41/54/41
f 22/35/22 38/36/38 39/55/39 27/56/27
f 18/29/18 21/57/21 40/58/40 36/52/36
f 38/36/38 23/31/23 41/54/41 39/55/39
f 25/38/25 24/37/24 42/59/42 43/60/43
f 32/39/32 25/38/25 43/60/43 45/61/45
f 24/37/24 29/43/29 44/62/44 42/59/42
f 40/48/40 32/39/32 45/61/45 55/63/55
f 33/41/33 26/40/26 46/64/46 51/65/51
f 26/66/26 27/67/27 47/68/47 46/69/46
f 29/43/29 34/50/34 48/70/48 44/62/44
f 87/71/87 880/71/855 881/72/855 88/72/88
f 30/44/30 31/51/31 50/73/50 49/74/49
f 35/49/35 33/41/33 51/65/51 52/75/52
f 31/51/31 35/49/35 52/75/52 50/73/50
f 37/53/37 36/52/36 53/76/53 54/77/54
f 41/54/41 37/53/37 54/77/54 57/78/57
f 36/52/36 40/58/40 55/79/55 53/76/53
f 27/56/27 39/55/39 56/80/56 47/81/47
f 39/55/39 41/54/41 57/78/57 56/80/56
f 42/82/42 44/83/44 58/84/58 59/85/59
f 43/60/43 42/59/42 59/86/59 61/87/61
f 631/88/631 980/88/912 1029/89/937 751/89/750
f 45/61/45 43/60/43 61/87/61 63/90/63
f 87/71/87 880/71/855 874/91/855 67/91/67
f 55/92/55 45/93/45 63/94/63 66/95/66
f 49/74/49 50/73/50 64/96/64 62/97/62
f 50/73/50 52/75/52 65/98/65 64/96/64
f 53/99/53 55/92/55 66/95/66 70/100/70
f 51/101/51 46/69/46 67/91/67 69/102/69
f 46/69/46 47/68/47 68/103/68 67/91/67
f 52/104/52 51/101/51 69/102/69 65/105/65
f 54/77/54 53/76/53 70/106/70 73/107/73
f 47/68/47 56/108/56 71/109/71 68/103/68
f 56/80/56 57/78/57 72/110/72 71/111/71
f 57/78/57 54/77/54 73/107/73 72/110/72
f 58/84/58 60/112/60 74/113/74 75/114/75
f 58/84/58 75/114/75 59/85/59
f 801/115/800 1050/115/954 1049/116/953 800/116/799
f 66/95/66 63/94/63 77/117/77 78/118/78
f 70/100/70 66/95/66 78/118/78 84/119/84
f 61/120/61 59/85/59 79/121/79 83/122/83
f 79/121/79 59/85/59 75/114/75 90/123/90
f 31/51/31 861/51/859 863/49/855 35/49/35
f 65/105/65 69/102/69 81/124/81 80/125/80
f 81/124/81 878/124/872 880/71/855 87/71/87
f 63/94/63 61/126/61 83/127/83 77/117/77
f 73/128/73 70/100/70 84/119/84 89/129/89
f 68/103/68 71/109/71 85/130/85 88/72/88
f 71/111/71 72/110/72 86/131/86 85/132/85
f 69/102/69 67/91/67 87/71/87 81/124/81
f 67/91/67 68/103/68 88/72/88 87/71/87
f 72/133/72 73/128/73 89/129/89 86/134/86
f 90/123/90 75/114/75 74/113/74 93/135/93
f 84/119/84 78/118/78 77/117/77 96/136/96
f 713/137/713 1010/137/926 958/138/906 572/138/572
f 91/139/91 83/140/83 79/141/79 92/142/92
f 92/142/92 79/141/79 90/143/90 102/144/102
f 74/113/74 76/145/76 93/135/93
f 88/72/88 85/130/85 94/146/94 103/147/103
f 85/130/85 86/148/86 94/146/94
f 95/149/95 77/150/77 83/140/83 91/139/91
f 96/151/96 77/152/77 97/153/97 105/154/105
f 97/153/97 95/155/95 432/156/432
f 97/153/97 77/152/77 95/155/95
f 76/145/76 82/157/82 98/158/98 93/135/93
f 89/129/89 84/119/84 96/136/96 104/159/104
f 98/160/98 81/124/81 87/71/87 103/147/103
f 90/161/90 93/162/93 99/163/99 100/164/100
f 90/161/90 101/165/101 102/166/102
f 90/161/90 100/164/100 101/165/101
f 88/72/88 103/147/103 87/71/87
f 86/134/86 89/129/89 104/159/104 94/167/94
f 104/168/104 96/151/96 105/154/105 109/169/109
f 99/163/99 93/162/93 98/170/98 107/171/107
f 106/172/106 98/160/98 103/147/103 110/173/110
f 108/174/108 98/170/98 106/175/106
f 108/174/108 107/171/107 98/170/98
f 94/176/94 104/168/104 109/169/109 111/177/111
f 110/178/110 103/179/103 94/176/94 111/177/111
f 100/164/100 99/163/99 112/180/112 113/181/113
f 112/180/112 99/163/99 107/171/107 115/182/115
f 100/183/100 113/184/113 114/185/114 101/186/101
f 116/187/116 115/182/115 107/171/107 117/188/117
f 113/181/113 112/180/112 118/189/118 119/190/119
f 118/189/118 112/180/112 115/182/115 131/46/131
f 120/191/120 114/185/114 113/184/113 119/192/119
f 123/193/123 122/194/122 121/195/121 125/196/125
f 124/197/124 121/195/121 122/194/122 130/198/130
f 126/199/126 125/200/125 121/201/121 127/202/127
f 121/201/121 124/203/124 127/202/127
f 122/204/122 123/205/123 128/206/128 129/207/129
f 122/204/122 129/207/129 130/208/130
f 766/209/765 1040/209/945 1044/210/948 774/210/773
f 125/196/125 133/211/133 132/212/132 123/193/123
f 134/213/134 133/214/133 125/200/125 126/199/126
f 133/214/133 136/215/136 135/216/135
f 132/212/132 133/211/133 135/217/135 140/47/140
f 136/215/136 133/214/133 134/213/134 146/218/146
f 123/205/123 132/219/132 137/220/137 128/206/128
f 101/221/101 138/222/138 139/223/139
f 101/186/101 114/185/114 138/224/138
f 101/225/101 139/226/139 102/227/102
f 118/228/118 135/216/135 136/215/136 119/192/119
f 135/217/135 118/189/118 131/46/131 140/47/140
f 137/220/137 132/219/132 140/229/140 149/230/149
f 129/207/129 128/206/128 141/231/141 142/232/142
f 129/207/129 142/232/142 143/233/143 130/208/130
f 144/234/144 114/235/114 120/236/120 147/237/147
f 114/185/114 144/238/144 145/239/145 138/224/138
f 119/192/119 136/215/136 146/218/146
f 147/240/147 120/191/120 119/192/119 146/218/146
f 128/206/128 137/220/137 148/241/148 141/231/141
f 735/242/735 1022/242/935 1018/243/855 731/243/731
f 848/244/847 1077/244/980 1072/245/855 842/245/841
f 151/246/151 150/247/150 152/248/152 158/249/158
f 150/250/150 151/251/151 153/252/153 155/253/155
f 154/254/154 150/250/150 155/253/155 161/255/161
f 150/247/150 154/256/154 156/257/156 152/248/152
f 157/258/157 151/246/151 158/249/158 164/259/164
f 151/251/151 157/260/157 159/261/159 153/252/153
f 116/262/116 117/263/117 108/264/108 160/265/160
f 735/242/735 1022/242/935 1021/266/934 734/266/734
f 848/244/847 1077/244/980 1066/267/970 835/267/834
f 775/268/774 1045/268/949 1019/269/932 732/269/732
f 162/270/162 154/254/154 161/255/161 176/271/176
f 154/272/154 162/273/162 163/274/163 156/275/156
f 165/276/165 157/258/157 164/259/164 188/277/188
f 157/260/157 165/278/165 166/279/166 159/261/159
f 167/280/167 126/199/126 127/202/127 168/281/168
f 169/282/169 127/202/127 124/203/124
f 169/282/169 168/281/168 127/202/127
f 126/199/126 167/280/167 134/213/134
f 167/280/167 168/281/168 170/283/170 180/284/180
f 170/283/170 169/282/169 239/285/239
f 170/283/170 168/281/168 169/282/169
f 155/253/155 153/252/153 171/286/171 172/287/172
f 161/255/161 172/287/172 176/271/176
f 161/255/161 155/253/155 172/287/172
f 158/249/158 152/248/152 173/288/173 175/289/175
f 152/248/152 156/257/156 174/290/174 173/288/173
f 164/259/164 158/249/158 175/289/175 184/291/184
f 177/292/177 163/274/163 162/273/162 178/293/178
f 178/294/178 162/270/162 176/271/176 195/295/195
f 153/252/153 159/261/159 171/286/171
f 179/296/179 134/213/134 167/280/167 180/284/180
f 181/297/181 174/298/174 156/275/156 163/274/163
f 175/289/175 173/288/173 182/299/182 185/300/185
f 173/288/173 174/290/174 183/301/183 182/299/182
f 184/291/184 175/289/175 185/300/185 193/302/193
f 186/303/186 147/240/147 179/296/179
f 186/304/186 144/234/144 147/237/147
f 144/238/144 187/305/187 145/239/145
f 144/234/144 186/304/186 187/306/187
f 188/277/188 164/259/164 184/291/184 192/307/192
f 189/308/189 166/279/166 165/278/165 190/309/190
f 190/310/190 165/276/165 188/277/188 199/311/199
f 147/240/147 146/218/146 134/213/134 179/296/179
f 171/286/171 159/261/159 166/279/166 198/312/198
f 174/298/174 181/297/181 191/313/191 183/314/183
f 192/307/192 184/291/184 193/302/193 225/315/225
f 194/316/194 181/297/181 163/274/163 177/292/177
f 195/295/195 176/271/176 172/287/172 240/317/240
f 196/318/196 178/294/178 195/295/195 241/319/241
f 197/320/197 177/292/177 178/293/178 196/321/196
f 166/279/166 189/308/189 198/312/198
f 199/311/199 188/277/188 192/307/192 224/322/224
f 109/169/109 201/323/201 200/324/200 202/325/202
f 109/169/109 203/326/203 111/177/111
f 109/169/109 202/325/202 203/326/203
f 204/327/204 200/328/200 201/329/201 205/330/205
f 181/297/181 194/316/194 206/331/206 191/313/191
f 207/332/207 200/328/200 204/327/204 208/333/208
f 202/334/202 200/335/200 207/336/207 210/337/210
f 209/338/209 207/339/207 208/340/208 222/341/222
f 211/342/211 210/343/210 207/339/207 209/338/209
f 139/223/139 138/222/138 145/344/145
f 139/223/139 145/344/145 212/345/212 214/346/214
f 213/347/213 102/348/102 139/349/139 214/350/214
f 215/351/215 189/308/189 190/309/190 217/352/217
f 216/353/216 199/311/199 287/354/287
f 216/353/216 190/310/190 199/311/199
f 190/309/190 216/355/216 217/352/217
f 219/356/219 218/357/218 220/358/220 226/359/226
f 221/360/221 218/361/218 219/362/219 227/363/227
f 222/364/222 220/365/220 218/361/218 209/366/209
f 209/366/209 218/361/218 221/360/221 211/367/211
f 204/327/204 205/330/205 223/368/223 233/369/233
f 224/322/224 192/307/192 225/315/225 341/370/341
f 228/371/228 219/372/219 226/373/226 247/374/247
f 219/372/219 228/371/228 229/375/229 227/376/227
f 230/377/230 208/333/208 204/327/204 233/369/233
f 222/378/222 208/333/208 230/377/230 250/379/250
f 202/334/202 210/337/210 231/380/231 203/381/203
f 210/343/210 211/342/211 232/382/232 231/383/231
f 234/384/234 187/306/187 186/304/186 237/385/237
f 145/239/145 235/386/235 212/387/212
f 145/239/145 187/305/187 235/386/235
f 235/388/235 234/389/234 237/390/237
f 235/386/235 187/305/187 234/391/234
f 179/296/179 180/284/180 236/392/236 238/393/238
f 237/394/237 186/303/186 179/296/179 238/393/238
f 180/284/180 170/283/170 239/285/239 236/392/236
f 195/295/195 240/317/240 241/319/241
f 244/395/244 243/396/243 242/397/242 246/398/246
f 242/399/242 243/400/243 245/401/245 248/402/248
f 247/403/247 246/404/246 242/399/242 228/405/228
f 228/405/228 242/399/242 248/402/248 229/406/229
f 249/407/249 226/359/226 220/358/220 251/408/251
f 220/358/220 222/378/222 250/379/250 251/408/251
f 221/360/221 227/363/227 252/409/252 253/410/253
f 211/367/211 221/360/221 253/410/253 232/411/232
f 254/412/254 194/316/194 177/292/177 197/320/197
f 172/413/172 171/414/171 255/415/255 256/416/256
f 240/417/240 172/418/172 256/419/256 284/420/284
f 257/421/257 182/422/182 183/423/183
f 257/421/257 185/424/185 182/422/182
f 258/425/258 255/415/255 171/414/171 198/426/198
f 260/427/260 259/428/259 261/429/261 278/430/278
f 262/431/262 261/432/261 259/433/259 263/434/263
f 263/435/263 259/428/259 264/436/264 266/437/266
f 259/428/259 260/427/260 265/438/265 264/436/264
f 245/401/245 243/400/243 264/436/264 265/438/265
f 266/439/266 264/440/264 243/396/243 244/395/244
f 267/441/267 244/395/244 246/398/246 269/442/269
f 246/398/246 247/443/247 268/444/268 269/442/269
f 248/402/248 245/401/245 270/445/270 271/446/271
f 229/406/229 248/402/248 271/446/271 272/447/272
f 247/443/247 226/359/226 249/407/249 268/444/268
f 227/376/227 229/375/229 272/448/272 252/449/252
f 273/450/273 193/451/193 185/424/185 257/421/257
f 274/452/274 198/312/198 189/308/189 215/351/215
f 276/453/276 275/454/275 261/432/261 262/431/262
f 261/429/261 275/455/275 277/456/277 278/430/278
f 142/232/142 141/231/141 279/457/279 280/458/280
f 141/231/141 148/241/148 279/457/279
f 142/232/142 281/459/281 143/233/143
f 142/232/142 280/458/280 281/459/281
f 183/423/183 191/460/191 282/461/282 257/421/257
f 283/462/283 256/463/256 255/464/255 286/465/286
f 285/466/285 284/467/284 256/463/256 283/462/283
f 286/465/286 255/464/255 258/468/258 365/469/365
f 199/311/199 224/322/224 287/354/287
f 277/470/277 275/471/275 288/472/288 318/473/318
f 289/474/289 288/475/288 275/454/275 276/453/276
f 290/476/290 262/431/262 263/434/263 291/477/291
f 291/477/291 263/434/263 266/439/266 294/478/294
f 292/479/292 260/427/260 278/430/278 303/480/303
f 293/481/293 265/438/265 260/427/260 292/479/292
f 294/478/294 266/439/266 244/395/244 267/441/267
f 270/445/270 245/401/245 265/438/265 293/481/293
f 233/369/233 223/368/223 295/482/295 304/483/304
f 194/316/194 254/412/254 296/484/296 206/331/206
f 193/451/193 273/450/273 225/485/225
f 298/486/298 297/487/297 299/488/299 314/489/314
f 300/490/300 297/491/297 298/492/298 313/493/313
f 289/494/289 299/495/299 297/491/297 288/496/288
f 288/496/288 297/491/297 300/490/300 318/497/318
f 301/498/301 276/453/276 262/431/262 290/476/290
f 278/430/278 277/456/277 302/499/302 303/480/303
f 230/377/230 233/369/233 304/483/304 305/500/305
f 250/379/250 230/377/230 305/500/305 322/501/322
f 306/502/306 203/381/203 231/380/231 308/503/308
f 231/383/231 232/382/232 307/504/307 308/505/308
f 203/326/203 306/506/306 111/177/111
f 216/355/216 287/507/287 309/508/309 312/509/312
f 310/510/310 309/511/309 287/354/287 311/512/311
f 311/512/311 224/322/224 340/513/340
f 311/512/311 287/354/287 224/322/224
f 312/509/312 309/508/309 298/486/298 314/489/314
f 313/493/313 298/492/298 309/511/309 310/510/310
f 315/514/315 314/489/314 299/488/299 317/515/317
f 299/488/299 289/474/289 316/516/316 317/515/317
f 300/490/300 313/493/313 319/517/319 320/518/320
f 318/497/318 300/490/300 320/518/320 343/519/343
f 316/516/316 289/474/289 276/453/276 301/498/301
f 302/520/302 277/470/277 318/473/318 343/521/343
f 321/522/321 249/407/249 251/408/251 323/523/323
f 251/408/251 250/379/250 322/501/322 323/523/323
f 324/524/324 253/410/253 252/409/252 332/525/332
f 232/411/232 253/410/253 324/524/324 307/526/307
f 128/206/128 891/206/855 895/220/880 137/220/137
f 733/527/733 1020/527/933 1045/528/949 775/528/774
f 31/51/31 861/51/859 858/25/857 15/25/15
f 30/44/30 860/44/858 861/51/859 31/51/31
f 327/529/327 148/241/148 328/530/328
f 327/529/327 279/457/279 148/241/148
f 328/530/328 148/241/148 325/531/325 348/532/348
f 329/533/329 196/321/196 241/534/241 351/535/351
f 330/536/330 197/320/197 196/321/196 329/533/329
f 217/352/217 216/355/216 312/509/312 342/537/342
f 268/444/268 249/407/249 321/522/321 345/538/345
f 252/449/252 272/448/272 331/539/331 332/540/332
f 160/265/160 108/264/108 333/541/333
f 725/542/725 1013/542/928 1020/543/933 733/543/733
f 334/544/334 160/265/160 333/541/333 461/545/461
f 335/546/335 237/390/237 238/547/238 337/548/337
f 235/388/235 237/390/237 335/546/335 378/549/378
f 238/550/238 236/551/236 336/552/336 337/553/337
f 338/554/338 280/458/280 279/457/279 327/529/327
f 339/555/339 258/425/258 198/426/198 274/556/274
f 340/513/340 224/322/224 341/370/341 395/557/395
f 342/537/342 312/509/312 314/489/314 315/514/315
f 319/517/319 313/493/313 310/510/310 352/558/352
f 344/559/344 267/441/267 269/442/269 346/560/346
f 269/442/269 268/444/268 345/538/345 346/560/346
f 347/561/347 271/446/271 270/445/270 358/562/358
f 272/447/272 271/446/271 347/561/347 331/563/331
f 349/564/349 348/565/348 325/566/325 326/567/326
f 14/23/14 857/23/856 860/44/858 30/44/30
f 731/243/731 1018/243/855 1020/543/933 733/543/733
f 241/319/241 240/317/240 350/568/350 351/569/351
f 191/460/191 206/570/206 282/461/282
f 350/571/350 240/417/240 284/420/284 369/572/369
f 352/558/352 310/510/310 311/512/311 340/513/340
f 353/573/353 290/476/290 291/477/291 354/574/354
f 354/574/354 291/477/291 294/478/294 357/575/357
f 355/576/355 292/479/292 303/480/303 367/577/367
f 356/578/356 293/481/293 292/479/292 355/576/355
f 357/575/357 294/478/294 267/441/267 344/559/344
f 358/562/358 270/445/270 293/481/293 356/578/356
f 333/579/333 108/580/108 359/581/359 377/582/377
f 30/44/30 860/44/858 862/45/860 34/45/34
f 359/583/359 108/584/108 106/585/106
f 328/530/328 348/532/348 360/586/360 363/587/363
f 360/586/360 348/532/348 349/588/349 410/589/410
f 328/590/328 361/591/361 327/592/327
f 362/593/362 361/594/361 328/530/328 363/587/363
f 236/595/236 364/596/364 336/597/336
f 236/392/236 239/285/239 364/598/364
f 365/469/365 258/468/258 339/599/339 407/600/407
f 341/601/341 225/485/225 273/450/273 424/602/424
f 366/603/366 301/498/301 290/476/290 353/573/353
f 367/577/367 303/480/303 302/499/302 374/604/374
f 284/467/284 285/466/285 368/605/368 369/606/369
f 283/462/283 286/465/286 370/607/370 285/466/285
f 371/608/371 215/351/215 217/352/217 387/609/387
f 372/610/372 274/452/274 215/351/215 371/608/371
f 373/611/373 316/516/316 301/498/301 366/603/366
f 374/612/374 302/520/302 343/521/343 396/613/396
f 111/614/111 375/615/375 376/616/376
f 111/177/111 306/506/306 375/617/375
f 111/177/111 376/618/376 110/178/110
f 76/145/76 876/145/870 879/157/873 82/157/82
f 338/554/338 919/554/893 909/458/888 280/458/280
f 379/619/379 235/620/235 378/621/378 381/622/381
f 212/387/212 235/386/235 379/623/379 419/624/419
f 335/625/335 337/626/337 380/627/380 382/628/382
f 335/625/335 381/629/381 378/630/378
f 381/622/381 382/631/382 467/632/467
f 381/629/381 335/625/335 382/628/382
f 383/633/383 336/597/336 364/596/364
f 383/634/383 337/553/337 336/552/336
f 380/627/380 337/626/337 383/635/383 434/636/434
f 384/637/384 364/598/364 239/285/239 385/638/385
f 385/638/385 239/285/239 169/282/169 472/639/472
f 386/640/386 254/412/254 197/320/197 330/536/330
f 370/607/370 286/465/286 365/469/365 407/600/407
f 387/609/387 217/352/217 342/537/342 389/641/389
f 388/642/388 315/514/315 317/515/317 392/643/392
f 389/641/389 342/537/342 315/514/315 388/642/388
f 390/644/390 320/518/320 319/517/319 391/645/391
f 391/645/391 319/517/319 352/558/352 394/646/394
f 317/515/317 316/516/316 373/611/373 392/643/392
f 343/519/343 320/518/320 390/644/390 396/647/396
f 304/483/304 295/482/295 393/648/393 400/649/400
f 394/646/394 352/558/352 340/513/340 395/557/395
f 397/650/397 305/500/305 304/483/304 400/649/400
f 322/501/322 305/500/305 397/650/397 402/651/402
f 306/502/306 308/503/308 398/652/398 375/653/375
f 308/505/308 307/504/307 399/654/399 398/655/398
f 401/656/401 321/522/321 323/523/323 403/657/403
f 323/523/323 322/501/322 402/651/402 403/657/403
f 404/658/404 324/524/324 332/525/332 409/659/409
f 307/526/307 324/524/324 404/658/404 399/660/399
f 349/564/349 326/567/326 334/661/334 410/662/410
f 405/663/405 327/664/327 361/665/361 362/666/362
f 327/529/327 405/667/405 338/554/338
f 406/668/406 296/484/296 254/412/254 386/640/386
f 282/461/282 206/570/206 296/669/296 462/670/462
f 345/538/345 321/522/321 401/656/401 413/671/413
f 332/540/332 331/539/331 408/672/408 409/673/409
f 368/605/368 285/466/285 370/607/370 468/674/468
f 257/675/257 412/676/412 411/677/411 273/678/273
f 412/679/412 257/680/257 282/681/282 422/682/422
f 346/560/346 345/538/345 413/671/413 415/683/415
f 414/684/414 344/559/344 346/560/346 415/683/415
f 331/563/331 347/561/347 416/685/416 408/686/408
f 416/685/416 347/561/347 358/562/358 431/687/431
f 417/688/417 91/139/91 92/142/92 418/689/418
f 418/690/418 92/691/92 102/692/102 443/693/443
f 420/694/420 379/619/379 381/622/381 467/632/467
f 419/624/419 379/623/379 420/695/420 508/696/508
f 411/697/411 412/698/412 421/699/421 446/700/446
f 412/698/412 422/701/422 423/702/423 421/699/421
f 425/703/425 341/601/341 424/602/424
f 425/704/425 395/557/395 341/370/341
f 426/705/426 353/573/353 354/574/354 427/706/427
f 427/706/427 354/574/354 357/575/357 430/707/430
f 428/708/428 355/709/355 367/710/367 439/711/439
f 429/712/429 356/578/356 355/576/355 428/713/428
f 430/707/430 357/575/357 344/559/344 414/684/414
f 431/687/431 358/562/358 356/578/356 429/712/429
f 95/149/95 91/139/91 417/688/417 433/714/433
f 432/156/432 95/155/95 433/715/433 466/716/466
f 434/717/434 383/633/383 364/596/364 384/718/384
f 435/719/435 329/533/329 351/535/351 436/720/436
f 436/721/436 351/569/351 350/568/350 456/722/456
f 437/723/437 366/603/366 353/573/353 426/705/426
f 438/724/438 373/611/373 366/603/366 437/723/437
f 439/725/439 367/577/367 374/604/374 440/726/440
f 440/727/440 374/728/374 396/729/396 455/730/455
f 441/731/441 102/732/102 213/733/213 419/734/419
f 102/692/102 442/735/442 443/693/443
f 102/736/102 441/737/441 442/738/442
f 444/739/444 330/536/330 329/533/329 435/719/435
f 424/740/424 273/678/273 411/677/411 445/741/445
f 445/742/445 411/697/411 446/700/446 515/743/515
f 447/744/447 339/745/339 274/746/274 372/747/372
f 448/748/448 387/609/387 389/641/389 450/749/450
f 449/750/449 371/751/371 387/752/387 448/753/448
f 450/749/450 389/641/389 388/642/388 451/754/451
f 451/754/451 388/642/388 392/643/392 454/755/454
f 452/756/452 390/644/390 391/645/391 453/757/453
f 453/758/453 391/759/391 394/760/394 457/761/457
f 392/643/392 373/611/373 438/724/438 454/755/454
f 396/647/396 390/644/390 452/756/452 455/762/455
f 213/733/213 214/763/214 212/764/212 419/734/419
f 456/765/456 350/766/350 369/767/369 469/768/469
f 372/610/372 449/769/449 518/770/518
f 372/610/372 371/608/371 449/769/449
f 457/771/457 394/646/394 395/557/395 459/772/459
f 395/557/395 458/773/458 459/772/459
f 395/557/395 425/704/425 458/773/458
f 410/774/410 334/775/334 460/776/460 360/777/360
f 460/778/460 334/544/334 461/545/461 560/779/560
f 422/682/422 282/681/282 462/780/462 464/781/464
f 463/782/463 423/783/423 422/784/422 464/785/464
f 407/600/407 339/599/339 447/786/447 470/787/470
f 432/156/432 466/716/466 465/788/465
f 369/606/369 368/605/368 468/674/468 469/789/469
f 370/607/370 407/600/407 470/787/470 476/790/476
f 400/649/400 393/648/393 471/791/471 478/792/478
f 473/793/473 472/639/472 169/282/169 124/203/124
f 474/794/474 386/640/386 330/536/330 444/739/444
f 296/669/296 406/795/406 462/670/462
f 475/796/475 468/674/468 370/607/370 477/797/477
f 370/607/370 476/790/476 477/797/477
f 397/650/397 400/649/400 478/792/478 479/798/479
f 402/651/402 397/650/397 479/798/479 489/799/489
f 480/800/480 375/615/375 398/801/398 482/802/482
f 398/801/398 399/803/399 481/804/481 482/802/482
f 375/615/375 480/800/480 376/616/376
f 483/805/483 472/639/472 473/793/473 493/806/493
f 472/639/472 483/805/483 484/807/484 385/638/385
f 401/656/401 403/657/403 485/808/485 486/809/486
f 413/671/413 401/656/401 486/809/486 498/810/498
f 404/811/404 409/812/409 487/813/487 490/814/490
f 409/812/409 408/815/408 488/816/488 487/813/487
f 403/657/403 402/651/402 489/799/489 485/808/485
f 399/660/399 404/658/404 490/817/490 481/818/481
f 380/819/380 434/820/434 384/821/384 492/822/492
f 384/637/384 385/638/385 491/823/491
f 492/824/492 384/637/384 491/823/491 537/825/537
f 405/663/405 362/666/362 363/826/363 513/827/513
f 484/807/484 483/805/483 493/806/493 548/828/548
f 414/684/414 415/683/415 494/829/494 495/830/495
f 430/707/430 414/684/414 495/830/495 506/831/506
f 416/832/416 431/833/431 496/834/496 499/835/499
f 431/833/431 429/836/429 497/837/497 496/834/496
f 415/838/415 413/839/413 498/840/498 494/841/494
f 408/686/408 416/685/416 499/842/499 488/843/488
f 473/844/473 130/198/130 143/845/143
f 473/844/473 124/197/124 130/198/130
f 500/846/500 406/668/406 386/640/386 474/794/474
f 425/703/425 424/602/424 501/847/501 458/848/458
f 426/705/426 427/706/427 502/849/502 503/850/503
f 437/723/437 426/705/426 503/850/503 525/851/525
f 428/708/428 439/711/439 504/852/504 507/853/507
f 439/711/439 440/727/440 505/854/505 504/852/504
f 427/855/427 430/856/430 506/857/506 502/858/502
f 429/712/429 428/713/428 507/859/507 497/860/497
f 419/861/419 509/862/509 511/863/511
f 419/624/419 508/696/508 509/864/509
f 510/865/510 419/866/419 511/867/511
f 510/868/510 441/731/441 419/734/419
f 635/869/635 982/869/855 966/870/855 600/870/600
f 514/871/514 405/667/405 513/872/513 561/873/561
f 501/874/501 424/875/424 445/876/445 516/877/516
f 516/878/516 445/742/445 515/743/515 563/879/563
f 517/880/517 448/748/448 450/749/450 519/881/519
f 518/882/518 449/750/449 448/753/448 517/883/517
f 519/881/519 450/749/450 451/754/451 521/884/521
f 451/754/451 454/755/454 520/885/520 521/884/521
f 452/886/452 453/758/453 522/887/522 524/888/524
f 522/887/522 453/758/453 457/761/457 531/889/531
f 454/755/454 438/724/438 523/890/523 520/885/520
f 455/730/455 452/886/452 524/888/524 526/891/526
f 438/724/438 437/723/437 525/851/525 523/890/523
f 440/727/440 455/730/455 526/891/526 505/854/505
f 491/823/491 385/638/385 484/807/484 539/892/539
f 473/844/473 143/845/143 527/893/527 493/894/493
f 81/124/81 878/124/872 877/125/871 80/125/80
f 528/895/528 435/719/435 436/720/436 529/896/529
f 529/897/529 456/722/456 552/898/552
f 529/897/529 436/721/436 456/722/456
f 421/899/421 530/900/530 446/901/446
f 530/900/530 421/899/421 423/902/423 463/903/463
f 531/889/531 457/761/457 459/904/459 532/905/532
f 459/772/459 458/773/458 532/906/532
f 533/907/533 420/694/420 467/632/467 535/908/535
f 420/695/420 533/909/533 508/696/508
f 469/910/469 468/911/468 475/912/475 562/913/562
f 515/914/515 446/901/446 530/900/530 563/915/563
f 470/916/470 447/917/447 534/918/534 476/919/476
f 380/819/380 492/822/492 467/632/467 382/631/382
f 535/920/535 467/921/467 492/824/492 537/825/537
f 363/922/363 360/777/360 536/923/536 513/924/513
f 360/777/360 460/776/460 536/923/536
f 538/925/538 537/825/537 491/823/491 539/892/539
f 540/926/540 444/739/444 435/719/435 528/895/528
f 462/670/462 406/795/406 500/927/500 541/928/541
f 464/929/464 462/930/462 541/931/541 543/932/543
f 542/933/542 463/782/463 464/785/464 543/934/543
f 534/935/534 447/744/447 372/747/372 545/936/545
f 372/610/372 518/770/518 544/937/544 545/938/545
f 546/939/546 281/459/281 512/940/512
f 546/939/546 527/941/527 281/459/281
f 493/942/493 527/943/527 547/944/547 548/945/548
f 527/941/527 546/939/546 549/946/549
f 527/943/527 550/947/550 547/944/547
f 682/948/682 998/948/920 1016/949/931 729/949/729
f 551/950/551 456/765/456 469/768/469 562/951/562
f 552/898/552 456/722/456 551/952/551 623/953/623
f 508/954/508 533/955/533 535/956/535 558/957/558
f 553/958/553 478/959/478 471/960/471 557/961/557
f 554/962/554 479/963/479 478/964/478 553/965/553
f 480/800/480 482/802/482 555/966/555 556/967/556
f 376/616/376 556/967/556 598/968/598
f 376/616/376 480/800/480 556/967/556
f 461/545/461 377/969/377 599/970/599
f 461/971/461 333/579/333 377/582/377
f 558/972/558 537/825/537 538/925/538
f 558/972/558 535/920/535 537/825/537
f 559/973/559 536/923/536 460/776/460 560/974/560
f 536/975/536 559/976/559 513/872/513
f 561/873/561 513/872/513 559/976/559 608/977/608
f 485/978/485 489/979/489 564/980/564 566/981/566
f 565/982/565 486/983/486 485/978/485 566/981/566
f 481/804/481 490/814/490 567/984/567 568/985/568
f 567/984/567 490/814/490 487/813/487 596/986/596
f 489/987/489 479/988/479 554/989/554 564/990/564
f 482/802/482 481/804/481 568/985/568 555/966/555
f 569/991/569 474/794/474 444/739/444 540/926/540
f 562/913/562 475/912/475 477/992/477 570/993/570
f 570/994/570 477/995/477 476/919/476 534/918/534
f 571/996/571 532/905/532 458/848/458 573/997/573
f 458/848/458 501/847/501 572/998/572 573/997/573
f 574/999/574 517/883/517 519/1000/519 575/1001/575
f 518/882/518 517/883/517 574/999/574 544/1002/544
f 575/1001/575 519/1000/519 521/1003/521 576/1004/576
f 576/1004/576 521/1003/521 520/1005/520 580/1006/580
f 577/1007/577 524/888/524 522/887/522 578/1008/578
f 578/1008/578 522/887/522 531/889/531 600/870/600
f 520/1005/520 523/1009/523 579/1010/579 580/1006/580
f 526/891/526 524/888/524 577/1007/577 582/1011/582
f 579/1012/579 523/1013/523 525/1014/525 583/1015/583
f 581/1016/581 505/854/505 526/891/526 582/1011/582
f 583/1017/583 525/1018/525 503/1019/503 585/1020/585
f 584/1021/584 504/852/504 505/854/505 581/1016/581
f 585/1022/585 503/1023/503 502/1024/502 587/1025/587
f 586/1026/586 507/853/507 504/852/504 584/1021/584
f 587/1027/587 502/858/502 506/857/506 589/1028/589
f 588/1029/588 497/837/497 507/853/507 586/1026/586
f 589/1030/589 506/831/506 495/830/495 591/1031/591
f 590/1032/590 496/834/496 497/837/497 588/1029/588
f 591/1031/591 495/830/495 494/829/494 594/1033/594
f 592/1034/592 499/835/499 496/834/496 590/1032/590
f 494/841/494 498/840/498 593/1035/593 594/1036/594
f 488/816/488 499/835/499 592/1034/592 595/1037/595
f 498/1038/498 486/1039/486 565/1040/565 593/1041/593
f 487/813/487 488/816/488 595/1037/595 596/986/596
f 597/1042/597 376/616/376 598/968/598
f 597/1043/597 110/178/110 376/618/376
f 560/779/560 461/545/461 599/970/599 603/1044/603
f 463/903/463 542/1045/542 530/900/530
f 600/870/600 531/889/531 532/905/532 571/996/571
f 599/970/599 377/969/377 601/1046/601 606/1047/606
f 602/1048/602 528/1049/528 529/1050/529 552/1051/552
f 560/974/560 603/1052/603 559/973/559
f 604/1053/604 500/846/500 474/794/474 569/991/569
f 603/1054/603 605/1055/605 559/1056/559
f 603/1044/603 599/970/599 605/1057/605
f 599/970/599 606/1047/606 607/1058/607 605/1057/605
f 509/864/509 558/972/558 620/1059/620
f 509/1060/509 508/954/508 558/957/558
f 608/977/608 609/1061/609 649/1062/649
f 608/977/608 559/976/559 609/1061/609
f 559/976/559 605/1057/605 609/1061/609
f 572/138/572 501/874/501 516/877/516 610/1063/610
f 610/1064/610 516/1065/516 563/915/563 611/1066/611
f 500/927/500 604/1067/604 541/928/541
f 530/900/530 611/1066/611 563/915/563
f 530/900/530 542/1045/542 612/1068/612 614/1069/614
f 613/1070/613 611/1066/611 530/900/530 614/1069/614
f 615/1071/615 106/172/106 110/173/110 617/1072/617
f 110/178/110 597/1043/597 616/1073/616 617/1074/617
f 507/853/507 945/853/855 961/1026/855 586/1026/586
f 80/125/80 877/125/871 873/105/868 65/105/65
f 558/972/558 538/925/538 619/1075/619 620/1059/620
f 538/925/538 539/892/539 621/1076/621 619/1075/619
f 539/892/539 484/807/484 621/1076/621
f 622/1077/622 551/950/551 562/951/562 570/1078/570
f 624/1079/624 551/952/551 622/1080/622 671/1081/671
f 551/952/551 624/1079/624 623/953/623
f 580/1006/580 579/1010/579 625/1082/625 637/1083/637
f 625/1084/625 579/1012/579 583/1015/583 638/1085/638
f 582/1011/582 577/1007/577 626/1086/626 628/1087/628
f 627/1088/627 581/1016/581 582/1011/582 628/1087/628
f 629/1089/629 618/1090/618 106/1091/106 615/1092/615
f 630/1093/630 540/926/540 528/895/528 602/1094/602
f 612/1068/612 542/1045/542 543/1095/543 653/1096/653
f 545/1097/545 570/1078/570 534/1098/534
f 622/1080/622 545/938/545 631/1099/631
f 622/1077/622 570/1078/570 545/1097/545
f 545/938/545 544/937/544 631/1099/631
f 632/1100/632 574/999/574 575/1001/575 633/1101/633
f 544/1002/544 574/999/574 632/1100/632 680/1102/680
f 633/1101/633 575/1001/575 576/1004/576 636/1103/636
f 634/1104/634 578/1008/578 600/870/600 635/869/635
f 635/869/635 600/870/600 571/996/571 654/1105/654
f 636/1106/636 576/1107/576 580/1108/580 637/1109/637
f 626/1086/626 577/1007/577 578/1008/578 634/1104/634
f 638/1085/638 583/1015/583 585/1022/585 655/1110/655
f 639/1111/639 584/1021/584 581/1016/581 627/1088/627
f 640/1112/640 587/1027/587 589/1028/589 641/1113/641
f 641/1114/641 589/1115/589 591/1116/591 657/1117/657
f 642/1118/642 588/1029/588 586/1026/586 656/1119/656
f 643/1120/643 590/1032/590 588/1029/588 642/1118/642
f 566/981/566 564/980/564 644/1121/644 664/1122/664
f 564/990/564 554/989/554 645/1123/645 644/1124/644
f 568/985/568 567/984/567 646/1125/646 647/1126/647
f 555/966/555 568/985/568 647/1126/647 665/1127/665
f 645/1128/645 554/962/554 553/965/553 648/1129/648
f 648/1130/648 553/958/553 557/961/557 666/1131/666
f 598/968/598 556/967/556 555/966/555 665/1127/665
f 561/873/561 608/977/608 649/1062/649 651/1132/651
f 729/1133/729 1016/1133/931 1000/1134/855 684/1134/684
f 546/939/546 512/940/512 514/871/514 650/1135/650
f 543/932/543 541/931/541 652/1136/652 653/1137/653
f 654/1105/654 571/996/571 573/997/573 669/1138/669
f 655/1110/655 585/1022/585 587/1025/587 640/1139/640
f 656/1119/656 586/1026/586 584/1021/584 639/1111/639
f 657/1117/657 591/1116/591 594/1140/594 660/1141/660
f 658/1142/658 592/1034/592 590/1032/590 643/1120/643
f 594/1036/594 593/1035/593 659/1143/659 660/1144/660
f 595/1037/595 592/1034/592 658/1142/658 662/1145/662
f 593/1041/593 565/1040/565 661/1146/661 659/1147/659
f 596/986/596 595/1037/595 662/1145/662 663/1148/663
f 661/1149/661 565/982/565 566/981/566 664/1122/664
f 633/1101/633 981/1101/855 983/1103/855 636/1103/636
f 552/1051/552 623/1150/623 667/1151/667 602/1048/602
f 541/928/541 604/1067/604 668/1152/668 652/1153/652
f 729/1133/729 1016/1133/931 1015/1154/930 728/1154/728
f 669/1138/669 573/997/573 572/998/572
f 670/1155/670 569/1156/569 540/1157/540 630/1158/630
f 622/1080/622 631/1099/631 672/1159/672
f 673/1160/673 622/1080/622 672/1159/672
f 673/1160/673 671/1081/671 622/1080/622
f 674/1161/674 610/1064/610 611/1066/611 613/1070/613
f 637/1083/637 625/1082/625 675/1162/675 692/1163/692
f 675/1164/675 625/1084/625 638/1085/638 693/1165/693
f 628/1087/628 626/1086/626 676/1166/676 678/1167/678
f 677/1168/677 627/1088/627 628/1087/628 678/1167/678
f 442/1169/442 441/1170/441 510/865/510 511/867/511
f 614/1069/614 612/1068/612 653/1096/653 711/1171/711
f 679/1172/679 632/1173/632 633/1174/633 681/1175/681
f 680/1102/680 632/1100/632 679/1176/679 727/1177/727
f 681/1175/681 633/1174/633 636/1106/636 684/1134/684
f 682/948/682 634/1104/634 635/869/635 683/1178/683
f 683/1178/683 635/869/635 654/1105/654 690/1179/690
f 684/1134/684 636/1106/636 637/1109/637 692/1180/692
f 676/1166/676 626/1086/626 634/1104/634 682/948/682
f 685/1181/685 465/788/465 466/716/466 755/1182/754
f 620/1059/620 619/1075/619 686/1183/686 688/1184/688
f 687/1185/687 509/864/509 620/1059/620 688/1184/688
f 619/1075/619 621/1076/621 689/1186/689 686/1183/686
f 668/1152/668 604/1067/604 569/1187/569 670/1188/670
f 572/138/572 610/1063/610 674/1189/674 713/137/713
f 487/813/487 942/813/855 928/812/855 409/812/409
f 690/1190/690 691/1191/691 726/1192/726
f 690/1190/690 654/1193/654 691/1191/691
f 691/1194/691 654/1105/654 669/1138/669 712/1195/712
f 693/1165/693 638/1085/638 655/1110/655 699/1196/699
f 694/1197/694 639/1111/639 627/1088/627 677/1168/677
f 640/1139/640 695/1198/695 699/1196/699
f 640/1112/640 641/1113/641 695/1199/695
f 696/1200/696 641/1114/641 657/1117/657 701/1201/701
f 641/1113/641 696/1202/696 695/1199/695
f 697/1203/697 642/1118/642 656/1119/656 700/1204/700
f 698/1205/698 643/1120/643 642/1118/642 697/1203/697
f 621/1076/621 484/807/484 548/828/548 689/1186/689
f 655/1110/655 640/1139/640 699/1196/699
f 700/1204/700 656/1119/656 639/1111/639 694/1197/694
f 701/1201/701 657/1117/657 660/1141/660 717/1206/717
f 702/1207/702 658/1142/658 643/1120/643 698/1205/698
f 660/1144/660 659/1143/659 703/1208/703 717/1209/717
f 659/1147/659 661/1146/661 704/1210/704 703/1211/703
f 662/1145/662 658/1142/658 702/1207/702 705/1212/705
f 663/1148/663 662/1145/662 705/1212/705 718/1213/718
f 664/1122/664 644/1121/644 706/1214/706 719/1215/719
f 644/1124/644 645/1123/645 707/1216/707 706/1217/706
f 647/1126/647 646/1125/646 708/1218/708 709/1219/709
f 665/1127/665 647/1126/647 709/1219/709 730/1220/730
f 623/1150/623 624/1221/624 710/1222/710 667/1151/667
f 613/1070/613 614/1069/614 711/1171/711 674/1161/674
f 768/1223/767 1041/1223/946 1040/209/945 766/209/765
f 692/1163/692 675/1162/675 714/1224/714 715/1225/715
f 714/1226/714 675/1164/675 693/1165/693 716/1227/716
f 678/1228/678 676/1229/676 715/1225/715 714/1224/714
f 678/1230/678 714/1226/714 716/1227/716 677/1231/677
f 704/1210/704 661/1146/661 664/1232/664 719/1233/719
f 708/1218/708 646/1125/646 663/1148/663 718/1213/718
f 707/1216/707 645/1123/645 648/1130/648 720/1234/720
f 720/1234/720 648/1130/648 666/1131/666 685/1235/685
f 721/1236/721 598/968/598 665/1127/665 730/1220/730
f 597/1237/597 721/1238/721 752/1239/751
f 597/1042/597 598/968/598 721/1236/721
f 728/1240/728 1015/1240/930 999/1178/921 683/1178/683
f 722/1241/722 609/1061/609 723/1242/723 732/1243/732
f 723/1244/723 605/1245/605 607/1246/607
f 723/1244/723 609/1247/609 605/1245/605
f 724/1248/724 651/1132/651 649/1062/649 725/542/725
f 650/1135/650 651/1132/651 724/1248/724 734/266/734
f 726/1192/726 679/1176/679 681/1249/681 728/1250/728
f 727/1177/727 679/1176/679 726/1192/726 691/1191/691
f 728/1240/728 683/1178/683 690/1179/690 726/1251/726
f 728/1154/728 681/1175/681 684/1134/684 729/1133/729
f 680/1102/680 997/1102/919 952/1002/901 544/1002/544
f 715/1252/715 729/1133/729 684/1134/684 692/1180/692
f 682/948/682 729/949/729 715/1253/715 676/1166/676
f 731/243/731 724/1248/724 725/542/725 733/543/733
f 691/1191/691 1002/1191/922 1014/1177/929 727/1177/727
f 769/1254/768 1042/1254/947 1037/1255/942 761/1255/760
f 735/242/735 734/266/734 724/1248/724 731/243/731
f 736/1256/736 630/1158/630 602/1048/602 667/1151/667
f 653/1137/653 652/1136/652 737/1257/737 711/1258/711
f 738/1259/738 716/1227/716 693/1165/693 699/1196/699
f 677/1168/677 716/1260/716 738/1261/738 694/1197/694
f 739/1262/739 695/1199/695 696/1202/696 740/1263/740
f 683/1178/683 999/1178/921 982/869/855 635/869/635
f 740/1263/740 697/1264/697 700/1265/700 739/1262/739
f 697/1203/697 740/1266/740 741/1267/741 698/1205/698
f 738/1259/738 699/1196/699 695/1198/695 739/1268/739
f 739/1268/739 700/1269/700 694/1270/694 738/1259/738
f 742/1271/742 670/1155/670 630/1158/630 736/1256/736
f 652/1153/652 668/1152/668 743/1272/743
f 737/1273/737 652/1153/652 743/1272/743 760/1274/759
f 741/1275/741 701/1201/701 717/1206/717 744/1276/744
f 744/1277/744 702/1207/702 698/1205/698 741/1267/741
f 717/1209/717 703/1208/703 745/1278/745 744/1279/744
f 703/1211/703 704/1210/704 746/1280/746 745/1281/745
f 705/1212/705 702/1207/702 744/1277/744 745/1282/745
f 718/1283/718 705/1284/705 745/1281/745 746/1280/746
f 719/1215/719 706/1214/706 747/1285/745 749/1286/748
f 748/1287/747 747/1288/745 706/1217/706 707/1216/707
f 709/1289/709 708/1290/708 749/1286/748 747/1285/745
f 730/1291/730 709/1292/709 747/1288/745 748/1287/747
f 546/939/546 650/1135/650 734/266/734 549/946/549
f 624/1221/624 671/1293/671 750/1294/749 710/1222/710
f 683/1178/683 999/1178/921 998/948/920 682/948/682
f 746/1280/746 704/1210/704 719/1233/719 749/1295/748
f 749/1296/748 708/1218/708 718/1213/718 746/1297/746
f 334/544/334 918/544/892 937/545/855 461/545/461
f 743/1272/743 668/1152/668 670/1188/670 742/1298/742
f 713/1299/713 674/1300/674 711/1258/711 737/1257/737
f 748/1287/747 707/1216/707 720/1234/720 752/1239/751
f 752/1301/751 721/1236/721 730/1220/730 748/1302/747
f 752/1239/751 685/1235/685 597/1237/597
f 752/1239/751 720/1234/720 685/1235/685
f 601/1046/601 618/1303/618 606/1047/606
f 753/1304/752 607/1058/607 606/1047/606 618/1303/618
f 672/1305/672 631/88/631 751/89/750 759/1306/758
f 754/1307/753 597/1043/597 685/1181/685 755/1182/754
f 713/1308/713 737/1273/737 756/1309/755 757/1310/756
f 326/567/326 915/567/891 918/661/892 334/661/334
f 671/1293/671 673/1311/673 758/1312/757 750/1294/749
f 673/1313/673 672/1305/672 759/1306/758 758/1314/757
f 597/1043/597 754/1307/753 616/1073/616
f 737/1273/737 761/1255/760 756/1309/755
f 737/1273/737 760/1274/759 761/1255/760
f 544/937/544 952/937/901 980/1099/912 631/1099/631
f 762/1315/761 511/1316/511 509/864/509 687/1185/687
f 763/1317/762 736/1256/736 667/1151/667 710/1222/710
f 684/1134/684 1000/1134/855 983/1106/855 636/1106/636
f 764/1318/763 742/1271/742 736/1256/736 763/1317/762
f 760/1274/759 743/1272/743 742/1298/742 764/1319/763
f 511/1320/511 762/1321/761 442/735/442
f 334/544/334 918/544/892 901/265/886 160/265/160
f 723/1244/723 607/1246/607 753/1322/752
f 765/1323/764 732/1243/732 723/1242/723 753/1304/752
f 505/854/505 944/854/855 960/1016/855 581/1016/581
f 767/1324/766 763/1317/762 710/1222/710 750/1294/749
f 761/1255/760 760/1274/759 764/1319/763 769/1254/768
f 825/1325/824 1060/1325/964 1067/1326/971 836/1326/835
f 763/1317/762 767/1324/766 769/1327/768 764/1318/763
f 770/1328/769 688/1329/688 686/1330/686 771/1331/770
f 688/1329/688 770/1328/769 687/1332/687
f 771/1331/770 686/1330/686 689/1333/689 772/1334/771
f 758/1314/757 759/1306/758 768/1223/767 773/1335/772
f 772/1336/771 689/1337/689 548/1338/548 547/1339/547
f 773/1340/772 767/1324/766 750/1294/749 758/1312/757
f 650/1135/650 989/1135/915 1021/266/934 734/266/734
f 775/528/774 770/1341/769 733/527/733
f 775/268/774 687/1332/687 770/1328/769
f 762/1321/761 687/1332/687 775/268/774 776/1342/775
f 733/527/733 770/1341/769 771/1343/770 731/1344/731
f 735/1345/735 731/1344/731 771/1343/770 772/1336/771
f 484/807/484 941/807/855 940/805/855 483/805/483
f 550/1346/550 735/1345/735 772/1336/771 547/1339/547
f 767/1324/766 773/1340/772 774/1347/773 769/1327/768
f 775/268/774 732/269/732 765/1348/764 776/1342/775
f 773/1335/772 768/1223/767 766/209/765 774/210/773
f 777/1349/776 755/1182/754 466/716/466 433/715/433
f 753/1350/752 618/1351/618 778/1352/777 765/1348/764
f 836/1326/835 1067/1326/971 1071/1353/975 838/1353/837
f 442/735/442 762/1321/761 776/1342/775 779/1354/778
f 754/1307/753 755/1182/754 777/1349/776 781/1355/780
f 776/1342/775 765/1348/764 778/1352/777 779/1354/778
f 443/693/443 442/735/442 779/1354/778 780/1356/779
f 129/207/129 892/207/855 891/206/855 128/206/128
f 616/1073/616 781/1355/780 799/1357/798
f 616/1073/616 754/1307/753 781/1355/780
f 782/1358/781 417/688/417 418/689/418 785/1359/784
f 783/1360/782 433/714/433 417/688/417 782/1358/781
f 418/689/418 443/1361/443 784/1362/783 785/1359/784
f 786/1363/785 777/1349/776 433/715/433 787/1364/786
f 787/1365/786 433/714/433 783/1360/782 793/1366/792
f 788/1367/787 443/1368/443 780/1369/779 795/1370/794
f 443/1368/443 788/1367/787 784/1371/783
f 777/1349/776 786/1363/785 789/1372/788 781/1355/780
f 782/1358/781 785/1359/784 790/1373/789 791/1374/790
f 783/1360/782 782/1358/781 791/1374/790 794/1375/793
f 785/1359/784 784/1362/783 792/1376/791 790/1373/789
f 793/1366/792 783/1360/782 794/1375/793 798/1377/797
f 795/1370/794 780/1369/779 629/1378/629 805/1379/804
f 786/1363/785 787/1364/786 796/1380/795 797/1381/796
f 789/1372/788 786/1363/785 797/1381/796 807/1382/806
f 787/1364/786 793/1383/792 798/1384/797 796/1380/795
f 781/1355/780 789/1372/788 799/1357/798
f 784/1371/783 788/1367/787 800/116/799 792/1385/791
f 788/1367/787 795/1370/794 801/115/800 800/116/799
f 791/1374/790 790/1373/789 802/1386/801 803/1387/802
f 794/1375/793 791/1374/790 803/1387/802 808/1388/807
f 790/1373/789 792/1376/791 804/1389/803 802/1386/801
f 795/1370/794 805/1379/804 806/1390/805 801/115/800
f 799/1357/798 789/1372/788 807/1382/806 812/1391/811
f 798/1377/797 794/1375/793 808/1388/807 815/1392/814
f 617/1074/617 799/1357/798 809/1393/808
f 617/1394/617 616/1395/616 799/1396/798
f 805/1379/804 615/1397/615 810/1398/809
f 805/1399/804 629/1400/629 615/1401/615
f 615/1402/615 617/1403/617 809/1404/808 813/1405/812
f 805/1379/804 810/1398/809 811/1406/810 806/1390/805
f 809/1393/808 799/1357/798 812/1391/811 818/1407/817
f 615/1408/615 813/1409/812 810/1410/809
f 792/1376/791 800/1411/799 814/1412/813 804/1389/803
f 796/1380/795 798/1384/797 815/1413/814 816/1414/815
f 797/1381/796 796/1380/795 816/1414/815 817/1415/816
f 727/1177/727 1014/1177/929 997/1102/919 680/1102/680
f 807/1382/806 797/1381/796 817/1415/816 821/1416/820
f 813/1417/812 809/1418/808 818/1419/817 822/1420/821
f 810/1398/809 819/1421/818 811/1406/810
f 122/204/122 889/204/855 892/207/855 129/207/129
f 759/1306/758 1036/1306/941 1041/1223/946 768/1223/767
f 812/1391/811 807/1382/806 821/1416/820 829/1422/828
f 127/202/127 890/202/855 888/201/855 121/201/121
f 803/1387/802 802/1386/801 823/1423/822 824/1424/823
f 808/1388/807 803/1387/802 824/1424/823 826/1425/825
f 802/1426/801 804/1427/803 825/1325/824 823/1428/822
f 815/1392/814 808/1388/807 826/1425/825 830/1429/829
f 811/1430/810 819/1431/818 827/1432/826 828/1433/827
f 74/113/74 875/113/869 876/145/870 76/145/76
f 806/1390/805 811/1406/810 828/1434/827 820/1435/819
f 818/1407/817 812/1391/811 829/1422/828 832/1436/831
f 816/1414/815 815/1413/814 830/1437/829 831/1438/830
f 817/1415/816 816/1414/815 831/1438/830 833/1439/832
f 822/1420/821 818/1419/817 832/1440/831 835/267/834
f 446/901/446 934/901/855 950/900/855 530/900/530
f 821/1416/820 817/1415/816 833/1439/832 834/1441/833
f 600/870/600 966/870/855 951/889/855 531/889/531
f 829/1422/828 821/1416/820 834/1441/833 837/1442/836
f 224/322/224 907/322/855 920/370/855 341/370/341
f 823/1428/822 825/1325/824 836/1326/835 838/1353/837
f 732/1243/732 1019/1243/932 1012/1241/927 722/1241/722
f 60/112/60 870/112/865 875/113/869 74/113/74
f 832/1440/831 829/1443/828 837/1444/836 842/245/841
f 578/1008/578 959/1008/855 966/870/855 600/870/600
f 824/1445/823 823/1428/822 838/1353/837 841/1446/840
f 830/1447/829 826/1448/825 839/1449/838 840/1450/839
f 831/1451/830 830/1447/829 840/1450/839 843/1452/842
f 826/1448/825 824/1453/823 841/1454/840 839/1449/838
f 835/267/834 832/1440/831 842/245/841 848/244/847
f 377/969/377 924/969/895 967/1046/908 601/1046/601
f 833/1455/832 831/1451/830 843/1452/842 844/1456/843
f 722/1241/722 1012/1241/927 972/1061/909 609/1061/609
f 834/1457/833 833/1455/832 844/1456/843 845/1458/844
f 837/1459/836 834/1457/833 845/1458/844 847/1460/846
f 629/1089/629 979/1089/911 975/1090/910 618/1090/618
f 627/1088/627 977/1088/855 978/1087/855 628/1087/628
f 842/245/841 837/1444/836 847/1461/846 851/1462/850
f 843/1452/842 840/1450/839 839/1449/838 850/1463/849
f 627/1088/627 977/1088/855 996/1168/855 677/1168/677
f 649/1062/649 988/1062/914 1013/542/928 725/542/725
f 849/1464/848 841/1446/840 838/1353/837 846/1465/845
f 850/1463/849 839/1449/838 841/1454/840 849/1466/848
f 844/1456/843 843/1452/842 850/1463/849 852/1467/851
f 842/245/841 851/1462/850 848/244/847
f 280/458/280 909/458/888 910/459/889 281/459/281
f 845/1458/844 844/1456/843 852/1467/851 853/1468/852
f 847/1460/846 845/1458/844 853/1468/852 851/1469/850
f 121/195/121 888/195/855 889/194/855 122/194/122
f 581/1016/581 960/1016/855 977/1088/855 627/1088/627
f 341/601/341 920/601/855 930/703/855 425/703/425
f 854/1470/853 848/244/847 851/1462/850 853/1471/852
f 281/459/281 910/459/889 897/233/882 143/233/143
f 852/1467/851 850/1463/849 849/1466/848 855/1472/854
f 853/1468/852 852/1467/851 855/1472/854 854/1473/853
f 628/1087/628 978/1087/855 976/1086/855 626/1086/626
f 97/153/97 432/156/432 465/788/465 666/1474/666
f 201/1475/201 105/1476/105 97/1477/97
f 201/1475/201 109/1478/109 105/1476/105
f 205/1479/205 97/1480/97 223/1481/223
f 205/1482/205 201/1483/201 97/1484/97
f 295/482/295 97/1485/97 393/648/393
f 295/482/295 223/368/223 97/1485/97
f 97/1486/97 471/1487/471 393/1488/393
f 557/1489/557 97/1486/97 666/1490/666
f 557/1489/557 471/1487/471 97/1486/97
f 685/1491/685 666/1492/666 465/1493/465
f 107/1494/107 108/1495/108 117/1496/117
f 857/23/856 858/25/857 861/51/859 860/44/858
f 862/45/860 860/44/858 867/74/863 866/1497/862
f 864/83/861 866/1498/862 870/112/865 869/84/864
f 866/1498/862 867/1499/863 871/1500/866 870/112/865
f 870/112/865 871/1500/866 876/145/870 875/113/869
f 872/1501/867 873/105/868 877/125/871 879/1502/873
f 871/1500/866 872/1503/867 879/157/873 876/145/870
f 879/1502/873 877/125/871 878/124/872 883/160/874
f 894/1504/879 893/46/878 886/182/876 887/187/877
f 899/230/884 896/229/881 893/1505/878 894/1506/879
f 898/241/883 895/220/880 899/230/884 902/1507/887
f 900/1508/885 887/262/877 901/265/886
f 900/1509/885 894/1504/879 887/187/877
f 902/1507/887 899/230/884 894/1506/879 900/1508/885
f 914/531/890 902/1507/887 915/1510/891
f 914/531/890 898/241/883 902/1507/887
f 915/1510/891 900/1508/885 901/265/886
f 915/1510/891 902/1507/887 900/1508/885
f 901/265/886 918/544/892 915/1510/891
f 910/459/889 919/554/893 946/940/898
f 910/459/889 909/458/888 919/554/893
f 923/581/894 884/1511/875 925/1512/896
f 924/969/895 925/1513/896 967/1046/908
f 924/582/895 923/581/894 925/1512/896
f 946/940/898 919/554/893 927/667/897 947/871/899
f 897/233/882 910/459/889 949/941/900
f 949/941/900 953/946/902 954/1514/903
f 925/1515/896 975/1516/910 967/1517/908
f 925/1518/896 884/1519/875 975/1520/910
f 989/1135/915 947/871/899 956/873/904 990/1132/916
f 987/1125/913 957/984/905 963/986/907 993/1148/917
f 995/1138/918 958/998/906 1009/1195/925
f 980/88/912 952/1002/901 997/1102/919 1029/89/937
f 1009/1195/925 958/998/906 1010/1308/926 1033/1521/939
f 988/1062/914 972/1061/909 1012/1241/927 1013/542/928
f 1016/949/931 998/948/920 999/1178/921 1015/1240/930
f 1013/542/928 1012/1241/927 1019/1243/932
f 1020/543/933 1013/542/928 1019/1243/932 1045/1522/949
f 1023/1523/924 1005/1200/923 1007/1201/924 1024/1275/936
f 1029/89/937 997/1102/919 1014/1177/929 1039/1524/944
f 954/1514/903 953/946/902 1021/266/934 1022/242/935
f 1010/1308/926 1034/1310/940 1033/1521/939
f 1038/1525/943 1002/1194/922 1009/1195/925 1033/1521/939
f 1039/1524/944 1014/1177/929 1002/1191/922 1038/1526/943
f 1036/1306/941 1029/89/937 1039/1524/944 1041/1223/946
f 1033/1521/939 1034/1310/940 1040/1527/945 1038/1525/943
f 1041/1223/946 1039/1524/944 1038/1526/943 1040/209/945
f 1034/1310/940 1032/1309/938 1044/1528/948 1040/1527/945
f 1032/1309/938 1037/1255/942 1042/1254/947 1044/1528/948
f 975/1090/910 979/1089/911 1046/1529/950
f 1048/1356/952 1047/1354/951 1046/1352/950 979/1530/911
f 1049/116/953 1050/115/954 1056/1531/960 1055/1532/959
f 1053/1398/957 1054/1533/958 1057/1421/961
f 1050/115/954 1052/1390/956 1058/1435/962 1056/1531/960
f 1057/1431/961 1054/1417/958 1059/1420/963 1061/1432/965
f 1051/1427/955 1055/1534/959 1062/1535/966 1060/1325/964
f 1055/1534/959 1056/1536/960 1064/1537/968 1062/1535/966
f 1056/1536/960 1058/1538/962 1065/1539/969 1064/1537/968
f 1061/1432/965 1059/1420/963 1066/267/970 1070/1540/974
f 1060/1325/964 1062/1535/966 1068/1541/972 1067/1326/971
f 1058/1542/962 1063/1433/967 1069/1543/973 1065/1544/969
f 1063/1433/967 1061/1432/965 1070/1540/974 1069/1543/973
f 1062/1535/966 1064/1537/968 1073/1545/976 1068/1541/972
f 1064/1537/968 1065/1539/969 1074/1546/977 1073/1545/976
f 1075/1465/978 1071/1353/975 1067/1326/971 1068/1541/972
f 1065/1544/969 1069/1543/973 1076/1547/979 1074/1548/977
f 1070/1540/974 1066/267/970 1077/244/980 1078/1549/981
f 1069/1543/973 1070/1540/974 1078/1549/981 1076/1547/979
f 1068/1541/972 1073/1545/976 1080/1550/983 1075/1465/978
f 1074/1548/977 1076/1547/979 1078/1549/981 1081/1551/984
f 1073/1545/976 1074/1546/977 1081/1552/984 1080/1550/983
f 1081/1551/984 1078/1549/981 1077/244/980 1082/1470/985
f 1083/1553/986 1079/1464/982 1075/1465/978 1080/1550/983
f 1080/1550/983 1081/1552/984 1082/1554/985 1083/1553/986
f 149/230/149 899/230/884 895/220/880 137/220/137
f 140/229/140 896/229/881 899/230/884 149/230/149
f 735/1345/735 1022/1345/935 1043/1336/855 772/1336/771
f 416/832/416 929/832/855 943/835/855 499/835/499
f 774/1347/773 1044/1347/948 1042/1327/947 769/1327/768
f 696/1202/696 1005/1202/923 1023/1263/924 740/1263/740
f 838/1353/837 1071/1353/975 1075/1465/978 846/1465/845
f 712/1195/712 1009/1195/925 1002/1194/922 691/1194/691
f 82/157/82 879/157/873 883/158/874 98/158/98
f 740/1266/740 1023/1266/924 1024/1267/936 741/1267/741
f 597/1042/597 964/1042/855 965/968/855 598/968/598
f 98/160/98 883/160/874 878/124/872 81/124/81
f 741/1275/741 1024/1275/936 1007/1201/924 701/1201/701
f 806/1390/805 1052/1390/956 1050/115/954 801/115/800
f 110/178/110 885/178/855 964/1043/855 597/1043/597
f 560/779/560 955/779/855 968/1044/855 603/1044/603
f 281/459/281 910/459/889 946/940/898 512/940/512
f 549/946/549 953/946/902 949/941/900 527/941/527
f 694/1197/694 1004/1197/855 996/1168/855 677/1168/677
f 698/1205/698 1006/1205/855 1024/1267/936 741/1267/741
f 527/943/527 949/943/900 954/947/903 550/947/550
f 652/1153/652 991/1153/855 1026/1272/855 743/1272/743
f 567/984/567 957/984/905 987/1125/913 646/1125/646
f 701/1201/701 1007/1201/924 1005/1200/923 696/1200/696
f 846/1465/845 1075/1465/978 1079/1464/982 849/1464/848
f 137/220/137 895/220/880 898/241/883 148/241/148
f 46/64/46 865/64/855 859/40/855 26/40/26
f 605/1055/605 970/1055/855 968/1054/855 603/1054/603
f 598/968/598 965/968/855 994/1127/855 665/1127/665
f 48/70/48 866/70/862 864/62/861 44/62/44
f 651/1132/651 990/1132/916 956/873/904 561/873/561
f 605/1057/605 970/1057/855 971/1058/855 607/1058/607
f 34/50/34 862/50/860 866/70/862 48/70/48
f 651/1132/651 990/1132/916 988/1062/914 649/1062/649
f 224/322/224 907/322/855 905/307/855 192/307/192
f 514/871/514 947/871/899 989/1135/915 650/1135/650
f 49/74/49 867/74/863 860/44/858 30/44/30
f 813/1409/812 1054/1409/958 1053/1410/957 810/1410/809
f 650/1135/650 989/1135/915 990/1132/916 651/1132/651
f 718/1283/718 1011/1283/855 1027/1280/855 746/1280/746
f 505/854/505 944/854/855 932/727/855 440/727/440
f 814/1412/813 1055/1412/959 1051/1389/955 804/1389/803
f 800/1411/799 1049/1411/953 1055/1412/959 814/1412/813
f 409/659/409 928/659/855 917/525/855 332/525/332
f 35/49/35 863/49/855 868/75/855 52/75/52
f 609/1061/609 972/1061/909 988/1062/914 649/1062/649
f 359/581/359 923/581/894 924/582/895 377/582/377
f 377/969/377 924/969/895 937/545/855 461/545/461
f 854/1470/853 1082/1470/985 1077/244/980 848/244/847
f 609/1061/609 972/1061/909 970/1057/855 605/1057/605
f 106/585/106 884/585/875 923/583/894 359/583/359
f 405/667/405 927/667/897 919/554/893 338/554/338
f 849/1466/848 1079/1466/982 1083/1472/986 855/1472/854
f 734/266/734 1021/266/934 953/946/902 549/946/549
f 663/1148/663 993/1148/917 1011/1213/855 718/1213/718
f 282/461/282 911/461/855 938/670/855 462/670/462
f 855/1472/854 1083/1472/986 1082/1473/985 854/1473/853
f 512/940/512 946/940/898 947/871/899 514/871/514
f 822/1420/821 1059/1420/963 1054/1417/958 813/1417/812
f 718/1213/718 1011/1213/855 1008/1212/855 705/1212/705
f 514/871/514 947/871/899 927/667/897 405/667/405
f 611/1066/611 973/1066/855 950/900/855 530/900/530
f 561/873/561 956/873/904 947/871/899 514/871/514
f 810/1398/809 1053/1398/957 1057/1421/961 819/1421/818
f 458/773/458 936/773/855 930/704/855 425/704/425
f 160/265/160 901/265/886 887/262/877 116/262/116
f 746/1280/746 1027/1280/855 1028/1295/855 749/1295/748
f 550/1346/550 954/1346/903 1022/1345/935 735/1345/735
f 98/160/98 883/160/874 884/172/875 106/172/106
f 44/83/44 864/83/861 869/84/864 58/84/58
f 743/1272/743 1026/1272/855 1025/1298/855 742/1298/742
f 820/1435/819 1058/1435/962 1052/1390/956 806/1390/805
f 560/779/560 955/779/855 937/545/855 461/545/461
f 106/172/106 884/172/875 885/173/855 110/173/110
f 663/1148/663 993/1148/917 963/986/907 596/986/596
f 58/84/58 869/84/864 870/112/865 60/112/60
f 665/1127/665 994/1127/855 1017/1220/855 730/1220/730
f 819/1431/818 1057/1431/961 1061/1432/965 827/1432/826
f 646/1125/646 987/1125/913 993/1148/917 663/1148/663
f 596/986/596 963/986/907 957/984/905 567/984/567
f 607/1058/607 971/1058/855 1030/1304/855 753/1304/752
f 601/1046/601 967/1046/908 975/1303/910 618/1303/618
f 62/97/62 871/97/866 867/74/863 49/74/49
f 596/986/596 963/986/907 942/813/855 487/813/487
f 753/1304/752 1030/1304/855 975/1303/910 618/1303/618
f 618/1090/618 975/1090/910 884/1091/875 106/1091/106
f 572/998/572 958/998/906 995/1138/918 669/1138/669
f 618/1351/618 975/1351/910 1046/1352/950 778/1352/777
f 751/89/750 1029/89/937 1036/1306/941 759/1306/758
f 452/886/452 935/886/855 948/888/855 524/888/524
f 669/1138/669 995/1138/918 1009/1195/925 712/1195/712
f 64/96/64 872/96/867 871/97/866 62/97/62
f 597/1043/597 964/1043/855 1031/1307/855 754/1307/753
f 804/1427/803 1051/1427/955 1060/1325/964 825/1325/824
f 324/524/324 913/524/855 917/525/855 332/525/332
f 65/98/65 873/98/868 872/96/867 64/96/64
f 757/1310/756 1034/1310/940 1010/1308/926 713/1308/713
f 65/98/65 873/98/868 868/75/855 52/75/52
f 756/1309/755 1032/1309/938 1034/1310/940 757/1310/756
f 827/1432/826 1061/1432/965 1063/1433/967 828/1433/827
f 778/1352/777 1046/1352/950 1047/1354/951 779/1354/778
f 116/187/116 887/187/877 886/182/876 115/182/115
f 325/566/325 914/566/890 915/567/891 326/567/326
f 443/693/443 933/693/855 1048/1356/952 780/1356/779
f 779/1354/778 1047/1354/951 1048/1356/952 780/1356/779
f 148/241/148 898/241/883 914/531/890 325/531/325
f 828/1434/827 1063/1434/967 1058/1435/962 820/1435/819
f 780/1369/779 1048/1369/952 979/1378/911 629/1378/629
f 67/91/67 874/91/855 865/69/855 46/69/46
f 758/1314/757 1035/1314/855 1036/1306/941 759/1306/758
f 761/1255/760 1037/1255/942 1032/1309/938 756/1309/755
f 115/182/115 886/182/876 893/46/878 131/46/131
f 328/530/328 916/530/855 898/241/883 148/241/148
f 15/25/15 858/25/857 857/23/856 14/23/14
f 143/845/143 897/845/882 949/893/900 527/893/527
f 15/25/15 858/25/857 856/14/855 7/14/7
f 527/941/527 949/941/900 910/459/889 281/459/281
f 835/267/834 1066/267/970 1059/1420/963 822/1420/821
f 693/1165/693 1003/1165/855 984/1085/855 638/1085/638
f 1085/1/988 1091/4/994 1086/3/989 1084/2/987
f 1084/5/987 1089/8/992 1087/7/990 1085/6/988
f 1088/9/991 1094/12/997 1089/11/992 1084/10/987
f 1084/2/987 1086/3/989 1090/14/993 1088/13/991
f 1092/15/995 1099/17/1002 1091/16/994 1085/6/988
f 1093/18/996 1092/15/995 1085/6/988 1087/7/990
f 1095/19/998 1096/20/999 1088/13/991 1090/14/993
f 1096/20/999 1105/22/1008 1094/21/997 1088/13/991
f 1091/4/994 1100/24/1003 1097/23/1000 1086/3/989
f 1086/3/989 1097/23/1000 1098/25/1001 1090/14/993
f 1099/17/1002 1111/27/1014 1100/26/1003 1091/16/994
f 1089/11/992 1102/30/1005 1101/29/1004 1087/28/990
f 1094/12/997 1106/31/1009 1102/30/1005 1089/11/992
f 1090/14/993 1098/25/1001 1103/32/1006 1095/19/998
f 1087/7/990 1101/34/1004 1104/33/1007 1093/18/996
f 1105/35/1008 1121/36/1024 1106/31/1009 1094/12/997
f 1092/15/995 1108/38/1011 1107/37/1010 1099/17/1002
f 1093/18/996 1115/39/1018 1108/38/1011 1092/15/995
f 1095/19/998 1116/41/1019 1109/40/1012 1096/20/999
f 1096/20/999 1109/40/1012 1110/42/1013 1105/22/1008
f 1099/17/1002 1107/37/1010 1112/43/1015 1111/27/1014
f 1100/24/1003 1117/45/1020 1113/44/1016 1097/23/1000
f 1214/46/1117 1223/47/1126 1979/47/1866 1976/46/1863
f 1104/33/1007 1123/48/1026 1115/39/1018 1093/18/996
f 1103/32/1006 1118/49/1021 1116/41/1019 1095/19/998
f 1111/27/1014 1112/43/1015 1117/50/1020 1100/26/1003
f 1098/25/1001 1114/51/1017 1118/49/1021 1103/32/1006
f 1102/30/1005 1120/53/1023 1119/52/1022 1101/29/1004
f 1106/31/1009 1124/54/1027 1120/53/1023 1102/30/1005
f 1105/35/1008 1110/56/1013 1122/55/1025 1121/36/1024
f 1101/29/1004 1119/52/1022 1123/58/1026 1104/57/1007
f 1121/36/1024 1122/55/1025 1124/54/1027 1106/31/1009
f 1108/38/1011 1126/60/1029 1125/59/1028 1107/37/1010
f 1115/39/1018 1128/61/1031 1126/60/1029 1108/38/1011
f 1107/37/1010 1125/59/1028 1127/62/1030 1112/43/1015
f 1123/48/1026 1138/63/1041 1128/61/1031 1115/39/1018
f 1116/41/1019 1134/65/1037 1129/64/1032 1109/40/1012
f 1109/66/1012 1129/69/1032 1130/68/1033 1110/67/1013
f 1112/43/1015 1127/62/1030 1131/70/1034 1117/50/1020
f 1170/71/1073 1171/72/1074 1964/72/855 1963/71/855
f 1113/44/1016 1132/74/1035 1133/73/1036 1114/51/1017
f 1118/49/1021 1135/75/1038 1134/65/1037 1116/41/1019
f 1114/51/1017 1133/73/1036 1135/75/1038 1118/49/1021
f 1120/53/1023 1137/77/1040 1136/76/1039 1119/52/1022
f 1124/54/1027 1140/78/1043 1137/77/1040 1120/53/1023
f 1119/52/1022 1136/76/1039 1138/79/1041 1123/58/1026
f 1110/56/1013 1130/81/1033 1139/80/1042 1122/55/1025
f 1122/55/1025 1139/80/1042 1140/78/1043 1124/54/1027
f 1125/82/1028 1142/85/1045 1141/84/1044 1127/83/1030
f 1126/60/1029 1144/87/1047 1142/86/1045 1125/59/1028
f 1714/88/1617 1834/89/1736 2112/89/1922 2063/88/1897
f 1128/61/1031 1146/90/1049 1144/87/1047 1126/60/1029
f 1170/71/1073 1150/91/1053 1957/91/855 1963/71/855
f 1138/92/1041 1149/95/1052 1146/94/1049 1128/93/1031
f 1132/74/1035 1145/97/1048 1147/96/1050 1133/73/1036
f 1133/73/1036 1147/96/1050 1148/98/1051 1135/75/1038
f 1136/99/1039 1153/100/1056 1149/95/1052 1138/92/1041
f 1134/101/1037 1152/102/1055 1150/91/1053 1129/69/1032
f 1129/69/1032 1150/91/1053 1151/103/1054 1130/68/1033
f 1135/104/1038 1148/105/1051 1152/102/1055 1134/101/1037
f 1137/77/1040 1156/107/1059 1153/106/1056 1136/76/1039
f 1130/68/1033 1151/103/1054 1154/109/1057 1139/108/1042
f 1139/80/1042 1154/111/1057 1155/110/1058 1140/78/1043
f 1140/78/1043 1155/110/1058 1156/107/1059 1137/77/1040
f 1141/84/1044 1158/114/1061 1157/113/1060 1143/112/1046
f 1141/84/1044 1142/85/1045 1158/114/1061
f 1884/115/1786 1883/116/1785 2132/116/1938 2133/115/1939
f 1149/95/1052 1161/118/1064 1160/117/1063 1146/94/1049
f 1153/100/1056 1167/119/1070 1161/118/1064 1149/95/1052
f 1144/120/1047 1166/122/1069 1162/121/1065 1142/85/1045
f 1162/121/1065 1173/123/1076 1158/114/1061 1142/85/1045
f 1114/51/1017 1118/49/1021 1946/49/855 1944/51/1844
f 1148/105/1051 1163/125/1066 1164/124/1067 1152/102/1055
f 1164/124/1067 1170/71/1073 1963/71/855 1961/124/1857
f 1146/94/1049 1160/117/1063 1166/127/1069 1144/126/1047
f 1156/128/1059 1172/129/1075 1167/119/1070 1153/100/1056
f 1151/103/1054 1171/72/1074 1168/130/1071 1154/109/1057
f 1154/111/1057 1168/132/1071 1169/131/1072 1155/110/1058
f 1152/102/1055 1164/124/1067 1170/71/1073 1150/91/1053
f 1150/91/1053 1170/71/1073 1171/72/1074 1151/103/1054
f 1155/133/1058 1169/134/1072 1172/129/1075 1156/128/1059
f 1173/123/1076 1176/135/1079 1157/113/1060 1158/114/1061
f 1167/119/1070 1179/136/1082 1160/117/1063 1161/118/1064
f 1796/137/1699 1655/138/1558 2041/138/1891 2093/137/1911
f 1174/139/1077 1175/142/1078 1162/141/1065 1166/140/1069
f 1175/142/1078 1185/144/1088 1173/143/1076 1162/141/1065
f 1157/113/1060 1176/135/1079 1159/145/1062
f 1171/72/1074 1186/147/1089 1177/146/1080 1168/130/1071
f 1168/130/1071 1177/146/1080 1169/148/1072
f 1178/149/1081 1174/139/1077 1166/140/1069 1160/150/1063
f 1179/151/1082 1188/154/1091 1180/153/1083 1160/152/1063
f 1180/153/1083 1515/156/1418 1178/155/1081
f 1180/153/1083 1178/155/1081 1160/152/1063
f 1159/145/1062 1176/135/1079 1181/158/1084 1165/157/1068
f 1172/129/1075 1187/159/1090 1179/136/1082 1167/119/1070
f 1181/160/1084 1186/147/1089 1170/71/1073 1164/124/1067
f 1173/161/1076 1183/164/1086 1182/163/1085 1176/162/1079
f 1173/161/1076 1185/166/1088 1184/165/1087
f 1173/161/1076 1184/165/1087 1183/164/1086
f 1171/72/1074 1170/71/1073 1186/147/1089
f 1169/134/1072 1177/167/1080 1187/159/1090 1172/129/1075
f 1187/168/1090 1192/169/1095 1188/154/1091 1179/151/1082
f 1182/163/1085 1190/171/1093 1181/170/1084 1176/162/1079
f 1189/172/1092 1193/173/1096 1186/147/1089 1181/160/1084
f 1191/174/1094 1189/175/1092 1181/170/1084
f 1191/174/1094 1181/170/1084 1190/171/1093
f 1177/176/1080 1194/177/1097 1192/169/1095 1187/168/1090
f 1193/178/1096 1194/177/1097 1177/176/1080 1186/179/1089
f 1183/164/1086 1196/181/1099 1195/180/1098 1182/163/1085
f 1195/180/1098 1198/182/1101 1190/171/1093 1182/163/1085
f 1183/183/1086 1184/186/1087 1197/185/1100 1196/184/1099
f 1199/187/1102 1200/188/1103 1190/171/1093 1198/182/1101
f 1196/181/1099 1202/190/1105 1201/189/1104 1195/180/1098
f 1201/189/1104 1214/46/1117 1198/182/1101 1195/180/1098
f 1203/191/1106 1202/192/1105 1196/184/1099 1197/185/1100
f 1206/193/1109 1208/196/1111 1204/195/1107 1205/194/1108
f 1207/197/1110 1213/198/1116 1205/194/1108 1204/195/1107
f 1209/199/1112 1210/202/1113 1204/201/1107 1208/200/1111
f 1204/201/1107 1210/202/1113 1207/203/1110
f 1205/204/1108 1212/207/1115 1211/206/1114 1206/205/1109
f 1205/204/1108 1213/208/1116 1212/207/1115
f 1849/209/1751 1857/210/1759 2127/210/1933 2123/209/1930
f 1208/196/1111 1206/193/1109 1215/212/1118 1216/211/1119
f 1217/213/1120 1209/199/1112 1208/200/1111 1216/214/1119
f 1216/214/1119 1218/216/1121 1219/215/1122
f 1215/212/1118 1223/47/1126 1218/217/1121 1216/211/1119
f 1219/215/1122 1229/218/1132 1217/213/1120 1216/214/1119
f 1206/205/1109 1211/206/1114 1220/220/1123 1215/219/1118
f 1184/221/1087 1222/223/1125 1221/222/1124
f 1184/186/1087 1221/224/1124 1197/185/1100
f 1184/225/1087 1185/227/1088 1222/226/1125
f 1201/228/1104 1202/192/1105 1219/215/1122 1218/216/1121
f 1218/217/1121 1223/47/1126 1214/46/1117 1201/189/1104
f 1220/220/1123 1232/230/1135 1223/229/1126 1215/219/1118
f 1212/207/1115 1225/232/1128 1224/231/1127 1211/206/1114
f 1212/207/1115 1213/208/1116 1226/233/1129 1225/232/1128
f 1227/234/1130 1230/237/1133 1203/236/1106 1197/235/1100
f 1197/185/1100 1221/224/1124 1228/239/1131 1227/238/1130
f 1202/192/1105 1229/218/1132 1219/215/1122
f 1230/240/1133 1229/218/1132 1202/192/1105 1203/191/1106
f 1211/206/1114 1224/231/1127 1231/241/1134 1220/220/1123
f 1818/242/1721 1814/243/1717 2101/243/855 2105/242/1920
f 1931/244/1833 1925/245/1827 2155/245/855 2160/244/1965
f 1234/246/1137 1241/249/1144 1235/248/1138 1233/247/1136
f 1233/250/1136 1238/253/1141 1236/252/1139 1234/251/1137
f 1237/254/1140 1244/255/1147 1238/253/1141 1233/250/1136
f 1233/247/1136 1235/248/1138 1239/257/1142 1237/256/1140
f 1240/258/1143 1247/259/1150 1241/249/1144 1234/246/1137
f 1234/251/1137 1236/252/1139 1242/261/1145 1240/260/1143
f 1199/262/1102 1243/265/1146 1191/264/1094 1200/263/1103
f 1818/242/1721 1817/266/1720 2104/266/1919 2105/242/1920
f 1931/244/1833 1918/267/1820 2149/267/1955 2160/244/1965
f 1858/268/1760 1815/269/1718 2102/269/1917 2128/268/1934
f 1245/270/1148 1259/271/1162 1244/255/1147 1237/254/1140
f 1237/272/1140 1239/275/1142 1246/274/1149 1245/273/1148
f 1248/276/1151 1271/277/1174 1247/259/1150 1240/258/1143
f 1240/260/1143 1242/261/1145 1249/279/1152 1248/278/1151
f 1250/280/1153 1251/281/1154 1210/202/1113 1209/199/1112
f 1252/282/1155 1207/203/1110 1210/202/1113
f 1252/282/1155 1210/202/1113 1251/281/1154
f 1209/199/1112 1217/213/1120 1250/280/1153
f 1250/280/1153 1263/284/1166 1253/283/1156 1251/281/1154
f 1253/283/1156 1322/285/1225 1252/282/1155
f 1253/283/1156 1252/282/1155 1251/281/1154
f 1238/253/1141 1255/287/1158 1254/286/1157 1236/252/1139
f 1244/255/1147 1259/271/1162 1255/287/1158
f 1244/255/1147 1255/287/1158 1238/253/1141
f 1241/249/1144 1258/289/1161 1256/288/1159 1235/248/1138
f 1235/248/1138 1256/288/1159 1257/290/1160 1239/257/1142
f 1247/259/1150 1267/291/1170 1258/289/1161 1241/249/1144
f 1260/292/1163 1261/293/1164 1245/273/1148 1246/274/1149
f 1261/294/1164 1278/295/1181 1259/271/1162 1245/270/1148
f 1236/252/1139 1254/286/1157 1242/261/1145
f 1262/296/1165 1263/284/1166 1250/280/1153 1217/213/1120
f 1264/297/1167 1246/274/1149 1239/275/1142 1257/298/1160
f 1258/289/1161 1268/300/1171 1265/299/1168 1256/288/1159
f 1256/288/1159 1265/299/1168 1266/301/1169 1257/290/1160
f 1267/291/1170 1276/302/1179 1268/300/1171 1258/289/1161
f 1269/303/1172 1262/296/1165 1230/240/1133
f 1269/304/1172 1230/237/1133 1227/234/1130
f 1227/238/1130 1228/239/1131 1270/305/1173
f 1227/234/1130 1270/306/1173 1269/304/1172
f 1271/277/1174 1275/307/1178 1267/291/1170 1247/259/1150
f 1272/308/1175 1273/309/1176 1248/278/1151 1249/279/1152
f 1273/310/1176 1282/311/1185 1271/277/1174 1248/276/1151
f 1230/240/1133 1262/296/1165 1217/213/1120 1229/218/1132
f 1254/286/1157 1281/312/1184 1249/279/1152 1242/261/1145
f 1257/298/1160 1266/314/1169 1274/313/1177 1264/297/1167
f 1275/307/1178 1308/315/1211 1276/302/1179 1267/291/1170
f 1277/316/1180 1260/292/1163 1246/274/1149 1264/297/1167
f 1278/295/1181 1323/317/1226 1255/287/1158 1259/271/1162
f 1279/318/1182 1324/319/1227 1278/295/1181 1261/294/1164
f 1280/320/1183 1279/321/1182 1261/293/1164 1260/292/1163
f 1249/279/1152 1281/312/1184 1272/308/1175
f 1282/311/1185 1307/322/1210 1275/307/1178 1271/277/1174
f 1192/169/1095 1285/325/1188 1283/324/1186 1284/323/1187
f 1192/169/1095 1194/177/1097 1286/326/1189
f 1192/169/1095 1286/326/1189 1285/325/1188
f 1287/327/1190 1288/330/1191 1284/329/1187 1283/328/1186
f 1264/297/1167 1274/313/1177 1289/331/1192 1277/316/1180
f 1290/332/1193 1291/333/1194 1287/327/1190 1283/328/1186
f 1285/334/1188 1293/337/1196 1290/336/1193 1283/335/1186
f 1292/338/1195 1305/341/1208 1291/340/1194 1290/339/1193
f 1294/342/1197 1292/338/1195 1290/339/1193 1293/343/1196
f 1222/223/1125 1228/344/1131 1221/222/1124
f 1222/223/1125 1297/346/1200 1295/345/1198 1228/344/1131
f 1296/347/1199 1297/350/1200 1222/349/1125 1185/348/1088
f 1298/351/1201 1300/352/1203 1273/309/1176 1272/308/1175
f 1299/353/1202 1370/354/1273 1282/311/1185
f 1299/353/1202 1282/311/1185 1273/310/1176
f 1273/309/1176 1300/352/1203 1299/355/1202
f 1302/356/1205 1309/359/1212 1303/358/1206 1301/357/1204
f 1304/360/1207 1310/363/1213 1302/362/1205 1301/361/1204
f 1305/364/1208 1292/366/1195 1301/361/1204 1303/365/1206
f 1292/366/1195 1294/367/1197 1304/360/1207 1301/361/1204
f 1287/327/1190 1316/369/1219 1306/368/1209 1288/330/1191
f 1307/322/1210 1424/370/1327 1308/315/1211 1275/307/1178
f 1311/371/1214 1330/374/1233 1309/373/1212 1302/372/1205
f 1302/372/1205 1310/376/1213 1312/375/1215 1311/371/1214
f 1313/377/1216 1316/369/1219 1287/327/1190 1291/333/1194
f 1305/378/1208 1333/379/1236 1313/377/1216 1291/333/1194
f 1285/334/1188 1286/381/1189 1314/380/1217 1293/337/1196
f 1293/343/1196 1314/383/1217 1315/382/1218 1294/342/1197
f 1317/384/1220 1320/385/1223 1269/304/1172 1270/306/1173
f 1228/239/1131 1295/387/1198 1318/386/1221
f 1228/239/1131 1318/386/1221 1270/305/1173
f 1318/388/1221 1320/390/1223 1317/389/1220
f 1318/386/1221 1317/391/1220 1270/305/1173
f 1262/296/1165 1321/393/1224 1319/392/1222 1263/284/1166
f 1320/394/1223 1321/393/1224 1262/296/1165 1269/303/1172
f 1263/284/1166 1319/392/1222 1322/285/1225 1253/283/1156
f 1278/295/1181 1324/319/1227 1323/317/1226
f 1327/395/1230 1329/398/1232 1325/397/1228 1326/396/1229
f 1325/399/1228 1331/402/1234 1328/401/1231 1326/400/1229
f 1330/403/1233 1311/405/1214 1325/399/1228 1329/404/1232
f 1311/405/1214 1312/406/1215 1331/402/1234 1325/399/1228
f 1332/407/1235 1334/408/1237 1303/358/1206 1309/359/1212
f 1303/358/1206 1334/408/1237 1333/379/1236 1305/378/1208
f 1304/360/1207 1336/410/1239 1335/409/1238 1310/363/1213
f 1294/367/1197 1315/411/1218 1336/410/1239 1304/360/1207
f 1337/412/1240 1280/320/1183 1260/292/1163 1277/316/1180
f 1255/413/1158 1339/416/1242 1338/415/1241 1254/414/1157
f 1323/417/1226 1367/420/1270 1339/419/1242 1255/418/1158
f 1340/421/1243 1266/423/1169 1265/422/1168
f 1340/421/1243 1265/422/1168 1268/424/1171
f 1341/425/1244 1281/426/1184 1254/414/1157 1338/415/1241
f 1343/427/1246 1361/430/1264 1344/429/1247 1342/428/1245
f 1345/431/1248 1346/434/1249 1342/433/1245 1344/432/1247
f 1346/435/1249 1349/437/1252 1347/436/1250 1342/428/1245
f 1342/428/1245 1347/436/1250 1348/438/1251 1343/427/1246
f 1328/401/1231 1348/438/1251 1347/436/1250 1326/400/1229
f 1349/439/1252 1327/395/1230 1326/396/1229 1347/440/1250
f 1350/441/1253 1352/442/1255 1329/398/1232 1327/395/1230
f 1329/398/1232 1352/442/1255 1351/444/1254 1330/443/1233
f 1331/402/1234 1354/446/1257 1353/445/1256 1328/401/1231
f 1312/406/1215 1355/447/1258 1354/446/1257 1331/402/1234
f 1330/443/1233 1351/444/1254 1332/407/1235 1309/359/1212
f 1310/376/1213 1335/449/1238 1355/448/1258 1312/375/1215
f 1356/450/1259 1340/421/1243 1268/424/1171 1276/451/1179
f 1357/452/1260 1298/351/1201 1272/308/1175 1281/312/1184
f 1359/453/1262 1345/431/1248 1344/432/1247 1358/454/1261
f 1344/429/1247 1361/430/1264 1360/456/1263 1358/455/1261
f 1225/232/1128 1363/458/1266 1362/457/1265 1224/231/1127
f 1224/231/1127 1362/457/1265 1231/241/1134
f 1225/232/1128 1226/233/1129 1364/459/1267
f 1225/232/1128 1364/459/1267 1363/458/1266
f 1266/423/1169 1340/421/1243 1365/461/1268 1274/460/1177
f 1366/462/1269 1369/465/1272 1338/464/1241 1339/463/1242
f 1368/466/1271 1366/462/1269 1339/463/1242 1367/467/1270
f 1369/465/1272 1448/469/1351 1341/468/1244 1338/464/1241
f 1282/311/1185 1370/354/1273 1307/322/1210
f 1360/470/1263 1401/473/1304 1371/472/1274 1358/471/1261
f 1372/474/1275 1359/453/1262 1358/454/1261 1371/475/1274
f 1373/476/1276 1374/477/1277 1346/434/1249 1345/431/1248
f 1374/477/1277 1377/478/1280 1349/439/1252 1346/434/1249
f 1375/479/1278 1386/480/1289 1361/430/1264 1343/427/1246
f 1376/481/1279 1375/479/1278 1343/427/1246 1348/438/1251
f 1377/478/1280 1350/441/1253 1327/395/1230 1349/439/1252
f 1353/445/1256 1376/481/1279 1348/438/1251 1328/401/1231
f 1316/369/1219 1387/483/1290 1378/482/1281 1306/368/1209
f 1277/316/1180 1289/331/1192 1379/484/1282 1337/412/1240
f 1276/451/1179 1308/485/1211 1356/450/1259
f 1381/486/1284 1397/489/1300 1382/488/1285 1380/487/1283
f 1383/490/1286 1396/493/1299 1381/492/1284 1380/491/1283
f 1372/494/1275 1371/496/1274 1380/491/1283 1382/495/1285
f 1371/496/1274 1401/497/1304 1383/490/1286 1380/491/1283
f 1384/498/1287 1373/476/1276 1345/431/1248 1359/453/1262
f 1361/430/1264 1386/480/1289 1385/499/1288 1360/456/1263
f 1313/377/1216 1388/500/1291 1387/483/1290 1316/369/1219
f 1333/379/1236 1405/501/1308 1388/500/1291 1313/377/1216
f 1389/502/1292 1391/503/1294 1314/380/1217 1286/381/1189
f 1314/383/1217 1391/505/1294 1390/504/1293 1315/382/1218
f 1286/326/1189 1194/177/1097 1389/506/1292
f 1299/355/1202 1395/509/1298 1392/508/1295 1370/507/1273
f 1393/510/1296 1394/512/1297 1370/354/1273 1392/511/1295
f 1394/512/1297 1423/513/1326 1307/322/1210
f 1394/512/1297 1307/322/1210 1370/354/1273
f 1395/509/1298 1397/489/1300 1381/486/1284 1392/508/1295
f 1396/493/1299 1393/510/1296 1392/511/1295 1381/492/1284
f 1398/514/1301 1400/515/1303 1382/488/1285 1397/489/1300
f 1382/488/1285 1400/515/1303 1399/516/1302 1372/474/1275
f 1383/490/1286 1403/518/1306 1402/517/1305 1396/493/1299
f 1401/497/1304 1426/519/1329 1403/518/1306 1383/490/1286
f 1399/516/1302 1384/498/1287 1359/453/1262 1372/474/1275
f 1385/520/1288 1426/521/1329 1401/473/1304 1360/470/1263
f 1404/522/1307 1406/523/1309 1334/408/1237 1332/407/1235
f 1334/408/1237 1406/523/1309 1405/501/1308 1333/379/1236
f 1407/524/1310 1415/525/1318 1335/409/1238 1336/410/1239
f 1315/411/1218 1390/526/1293 1407/524/1310 1336/410/1239
f 1211/206/1114 1220/220/1123 1978/220/1865 1974/206/855
f 1816/527/1719 1858/528/1760 2128/528/1934 2103/527/1918
f 1114/51/1017 1098/25/1001 1941/25/1842 1944/51/1844
f 1113/44/1016 1114/51/1017 1944/51/1844 1943/44/1843
f 1410/529/1313 1411/530/1314 1231/241/1134
f 1410/529/1313 1231/241/1134 1362/457/1265
f 1411/530/1314 1431/532/1334 1408/531/1311 1231/241/1134
f 1412/533/1315 1434/535/1337 1324/534/1227 1279/321/1182
f 1413/536/1316 1412/533/1315 1279/321/1182 1280/320/1183
f 1300/352/1203 1425/537/1328 1395/509/1298 1299/355/1202
f 1351/444/1254 1428/538/1331 1404/522/1307 1332/407/1235
f 1335/449/1238 1415/540/1318 1414/539/1317 1355/448/1258
f 1243/265/1146 1416/541/1319 1191/264/1094
f 1808/542/1711 1816/543/1719 2103/543/1918 2096/542/1913
f 1417/544/1320 1544/545/1447 1416/541/1319 1243/265/1146
f 1418/546/1321 1420/548/1323 1321/547/1224 1320/390/1223
f 1318/388/1221 1461/549/1364 1418/546/1321 1320/390/1223
f 1321/550/1224 1420/553/1323 1419/552/1322 1319/551/1222
f 1421/554/1324 1410/529/1313 1362/457/1265 1363/458/1266
f 1422/555/1325 1357/556/1260 1281/426/1184 1341/425/1244
f 1423/513/1326 1478/557/1381 1424/370/1327 1307/322/1210
f 1425/537/1328 1398/514/1301 1397/489/1300 1395/509/1298
f 1402/517/1305 1435/558/1338 1393/510/1296 1396/493/1299
f 1427/559/1330 1429/560/1332 1352/442/1255 1350/441/1253
f 1352/442/1255 1429/560/1332 1428/538/1331 1351/444/1254
f 1430/561/1333 1441/562/1344 1353/445/1256 1354/446/1257
f 1355/447/1258 1414/563/1317 1430/561/1333 1354/446/1257
f 1432/564/1335 1409/567/1312 1408/566/1311 1431/565/1334
f 1097/23/1000 1113/44/1016 1943/44/1843 1940/23/1841
f 1814/243/1717 1816/543/1719 2103/543/1918 2101/243/855
f 1324/319/1227 1434/569/1337 1433/568/1336 1323/317/1226
f 1274/460/1177 1365/461/1268 1289/570/1192
f 1433/571/1336 1452/572/1355 1367/420/1270 1323/417/1226
f 1435/558/1338 1423/513/1326 1394/512/1297 1393/510/1296
f 1436/573/1339 1437/574/1340 1374/477/1277 1373/476/1276
f 1437/574/1340 1440/575/1343 1377/478/1280 1374/477/1277
f 1438/576/1341 1450/577/1353 1386/480/1289 1375/479/1278
f 1439/578/1342 1438/576/1341 1375/479/1278 1376/481/1279
f 1440/575/1343 1427/559/1330 1350/441/1253 1377/478/1280
f 1441/562/1344 1439/578/1342 1376/481/1279 1353/445/1256
f 1416/579/1319 1460/582/1363 1442/581/1345 1191/580/1094
f 1113/44/1016 1117/45/1020 1945/45/1845 1943/44/1843
f 1442/583/1345 1189/585/1092 1191/584/1094
f 1411/530/1314 1446/587/1349 1443/586/1346 1431/532/1334
f 1443/586/1346 1493/589/1396 1432/588/1335 1431/532/1334
f 1411/590/1314 1410/592/1313 1444/591/1347
f 1445/593/1348 1446/587/1349 1411/530/1314 1444/594/1347
f 1319/595/1222 1419/597/1322 1447/596/1350
f 1319/392/1222 1447/598/1350 1322/285/1225
f 1448/469/1351 1490/600/1393 1422/599/1325 1341/468/1244
f 1424/601/1327 1507/602/1410 1356/450/1259 1308/485/1211
f 1449/603/1352 1436/573/1339 1373/476/1276 1384/498/1287
f 1450/577/1353 1457/604/1360 1385/499/1288 1386/480/1289
f 1367/467/1270 1452/606/1355 1451/605/1354 1368/466/1271
f 1366/462/1269 1368/466/1271 1453/607/1356 1369/465/1272
f 1454/608/1357 1470/609/1373 1300/352/1203 1298/351/1201
f 1455/610/1358 1454/608/1357 1298/351/1201 1357/452/1260
f 1456/611/1359 1449/603/1352 1384/498/1287 1399/516/1302
f 1457/612/1360 1479/613/1382 1426/521/1329 1385/520/1288
f 1194/614/1097 1459/616/1362 1458/615/1361
f 1194/177/1097 1458/617/1361 1389/506/1292
f 1194/177/1097 1193/178/1096 1459/618/1362
f 1159/145/1062 1165/157/1068 1962/157/1858 1959/145/1855
f 1421/554/1324 1363/458/1266 1992/458/1873 2002/554/1878
f 1462/619/1365 1464/622/1367 1461/621/1364 1318/620/1221
f 1295/387/1198 1502/624/1405 1462/623/1365 1318/386/1221
f 1418/625/1321 1465/628/1368 1463/627/1366 1420/626/1323
f 1418/625/1321 1461/630/1364 1464/629/1367
f 1464/622/1367 1550/632/1453 1465/631/1368
f 1464/629/1367 1465/628/1368 1418/625/1321
f 1466/633/1369 1447/596/1350 1419/597/1322
f 1466/634/1369 1419/552/1322 1420/553/1323
f 1463/627/1366 1517/636/1420 1466/635/1369 1420/626/1323
f 1467/637/1370 1468/638/1371 1322/285/1225 1447/598/1350
f 1468/638/1371 1555/639/1458 1252/282/1155 1322/285/1225
f 1469/640/1372 1413/536/1316 1280/320/1183 1337/412/1240
f 1453/607/1356 1490/600/1393 1448/469/1351 1369/465/1272
f 1470/609/1373 1472/641/1375 1425/537/1328 1300/352/1203
f 1471/642/1374 1475/643/1378 1400/515/1303 1398/514/1301
f 1472/641/1375 1471/642/1374 1398/514/1301 1425/537/1328
f 1473/644/1376 1474/645/1377 1402/517/1305 1403/518/1306
f 1474/645/1377 1477/646/1380 1435/558/1338 1402/517/1305
f 1400/515/1303 1475/643/1378 1456/611/1359 1399/516/1302
f 1426/519/1329 1479/647/1382 1473/644/1376 1403/518/1306
f 1387/483/1290 1483/649/1386 1476/648/1379 1378/482/1281
f 1477/646/1380 1478/557/1381 1423/513/1326 1435/558/1338
f 1480/650/1383 1483/649/1386 1387/483/1290 1388/500/1291
f 1405/501/1308 1485/651/1388 1480/650/1383 1388/500/1291
f 1389/502/1292 1458/653/1361 1481/652/1384 1391/503/1294
f 1391/505/1294 1481/655/1384 1482/654/1385 1390/504/1293
f 1484/656/1387 1486/657/1389 1406/523/1309 1404/522/1307
f 1406/523/1309 1486/657/1389 1485/651/1388 1405/501/1308
f 1487/658/1390 1492/659/1395 1415/525/1318 1407/524/1310
f 1390/526/1293 1482/660/1385 1487/658/1390 1407/524/1310
f 1432/564/1335 1493/662/1396 1417/661/1320 1409/567/1312
f 1488/663/1391 1445/666/1348 1444/665/1347 1410/664/1313
f 1410/529/1313 1421/554/1324 1488/667/1391
f 1489/668/1392 1469/640/1372 1337/412/1240 1379/484/1282
f 1365/461/1268 1545/670/1448 1379/669/1282 1289/570/1192
f 1428/538/1331 1496/671/1399 1484/656/1387 1404/522/1307
f 1415/540/1318 1492/673/1395 1491/672/1394 1414/539/1317
f 1451/605/1354 1551/674/1454 1453/607/1356 1368/466/1271
f 1340/675/1243 1356/678/1259 1494/677/1397 1495/676/1398
f 1495/679/1398 1505/682/1408 1365/681/1268 1340/680/1243
f 1429/560/1332 1498/683/1401 1496/671/1399 1428/538/1331
f 1497/684/1400 1498/683/1401 1429/560/1332 1427/559/1330
f 1414/563/1317 1491/686/1394 1499/685/1402 1430/561/1333
f 1499/685/1402 1514/687/1417 1441/562/1344 1430/561/1333
f 1500/688/1403 1501/689/1404 1175/142/1078 1174/139/1077
f 1501/690/1404 1526/693/1429 1185/692/1088 1175/691/1078
f 1503/694/1406 1550/632/1453 1464/622/1367 1462/619/1365
f 1502/624/1405 1591/696/1494 1503/695/1406 1462/623/1365
f 1494/697/1397 1529/700/1432 1504/699/1407 1495/698/1398
f 1495/698/1398 1504/699/1407 1506/702/1409 1505/701/1408
f 1508/703/1411 1507/602/1410 1424/601/1327
f 1508/704/1411 1424/370/1327 1478/557/1381
f 1509/705/1412 1510/706/1413 1437/574/1340 1436/573/1339
f 1510/706/1413 1513/707/1416 1440/575/1343 1437/574/1340
f 1511/708/1414 1522/711/1425 1450/710/1353 1438/709/1341
f 1512/712/1415 1511/713/1414 1438/576/1341 1439/578/1342
f 1513/707/1416 1497/684/1400 1427/559/1330 1440/575/1343
f 1514/687/1417 1512/712/1415 1439/578/1342 1441/562/1344
f 1178/149/1081 1516/714/1419 1500/688/1403 1174/139/1077
f 1515/156/1418 1549/716/1452 1516/715/1419 1178/155/1081
f 1517/717/1420 1467/718/1370 1447/596/1350 1466/633/1369
f 1518/719/1421 1519/720/1422 1434/535/1337 1412/533/1315
f 1519/721/1422 1539/722/1442 1433/568/1336 1434/569/1337
f 1520/723/1423 1509/705/1412 1436/573/1339 1449/603/1352
f 1521/724/1424 1520/723/1423 1449/603/1352 1456/611/1359
f 1522/725/1425 1523/726/1426 1457/604/1360 1450/577/1353
f 1523/727/1426 1538/730/1441 1479/729/1382 1457/728/1360
f 1524/731/1427 1502/734/1405 1296/733/1199 1185/732/1088
f 1185/692/1088 1526/693/1429 1525/735/1428
f 1185/736/1088 1525/738/1428 1524/737/1427
f 1527/739/1430 1518/719/1421 1412/533/1315 1413/536/1316
f 1507/740/1410 1528/741/1431 1494/677/1397 1356/678/1259
f 1528/742/1431 1598/743/1501 1529/700/1432 1494/697/1397
f 1530/744/1433 1455/747/1358 1357/746/1260 1422/745/1325
f 1531/748/1434 1533/749/1436 1472/641/1375 1470/609/1373
f 1532/750/1435 1531/753/1434 1470/752/1373 1454/751/1357
f 1533/749/1436 1534/754/1437 1471/642/1374 1472/641/1375
f 1534/754/1437 1537/755/1440 1475/643/1378 1471/642/1374
f 1535/756/1438 1536/757/1439 1474/645/1377 1473/644/1376
f 1536/758/1439 1540/761/1443 1477/760/1380 1474/759/1377
f 1475/643/1378 1537/755/1440 1521/724/1424 1456/611/1359
f 1479/647/1382 1538/762/1441 1535/756/1438 1473/644/1376
f 1296/733/1199 1502/734/1405 1295/764/1198 1297/763/1200
f 1539/765/1442 1552/768/1455 1452/767/1355 1433/766/1336
f 1455/610/1358 1601/770/1504 1532/769/1435
f 1455/610/1358 1532/769/1435 1454/608/1357
f 1540/771/1443 1542/772/1445 1478/557/1381 1477/646/1380
f 1478/557/1381 1542/772/1445 1541/773/1444
f 1478/557/1381 1541/773/1444 1508/704/1411
f 1493/774/1396 1443/777/1346 1543/776/1446 1417/775/1320
f 1543/778/1446 1643/779/1546 1544/545/1447 1417/544/1320
f 1505/682/1408 1547/781/1450 1545/780/1448 1365/681/1268
f 1546/782/1449 1547/785/1450 1505/784/1408 1506/783/1409
f 1490/600/1393 1553/787/1456 1530/786/1433 1422/599/1325
f 1515/156/1418 1548/788/1451 1549/716/1452
f 1452/606/1355 1552/789/1455 1551/674/1454 1451/605/1354
f 1453/607/1356 1559/790/1462 1553/787/1456 1490/600/1393
f 1483/649/1386 1561/792/1464 1554/791/1457 1476/648/1379
f 1556/793/1459 1207/203/1110 1252/282/1155 1555/639/1458
f 1557/794/1460 1527/739/1430 1413/536/1316 1469/640/1372
f 1379/669/1282 1545/670/1448 1489/795/1392
f 1558/796/1461 1560/797/1463 1453/607/1356 1551/674/1454
f 1453/607/1356 1560/797/1463 1559/790/1462
f 1480/650/1383 1562/798/1465 1561/792/1464 1483/649/1386
f 1485/651/1388 1572/799/1475 1562/798/1465 1480/650/1383
f 1563/800/1466 1565/802/1468 1481/801/1384 1458/615/1361
f 1481/801/1384 1565/802/1468 1564/804/1467 1482/803/1385
f 1458/615/1361 1459/616/1362 1563/800/1466
f 1566/805/1469 1576/806/1479 1556/793/1459 1555/639/1458
f 1555/639/1458 1468/638/1371 1567/807/1470 1566/805/1469
f 1484/656/1387 1569/809/1472 1568/808/1471 1486/657/1389
f 1496/671/1399 1581/810/1484 1569/809/1472 1484/656/1387
f 1487/811/1390 1573/814/1476 1570/813/1473 1492/812/1395
f 1492/812/1395 1570/813/1473 1571/816/1474 1491/815/1394
f 1486/657/1389 1568/808/1471 1572/799/1475 1485/651/1388
f 1482/660/1385 1564/818/1467 1573/817/1476 1487/658/1390
f 1463/819/1366 1575/822/1478 1467/821/1370 1517/820/1420
f 1467/637/1370 1574/823/1477 1468/638/1371
f 1575/824/1478 1620/825/1523 1574/823/1477 1467/637/1370
f 1488/663/1391 1596/827/1499 1446/826/1349 1445/666/1348
f 1567/807/1470 1631/828/1534 1576/806/1479 1566/805/1469
f 1497/684/1400 1578/830/1481 1577/829/1480 1498/683/1401
f 1513/707/1416 1589/831/1492 1578/830/1481 1497/684/1400
f 1499/832/1402 1582/835/1485 1579/834/1482 1514/833/1417
f 1514/833/1417 1579/834/1482 1580/837/1483 1512/836/1415
f 1498/838/1401 1577/841/1480 1581/840/1484 1496/839/1399
f 1491/686/1394 1571/843/1474 1582/842/1485 1499/685/1402
f 1556/844/1459 1226/845/1129 1213/198/1116
f 1556/844/1459 1213/198/1116 1207/197/1110
f 1583/846/1486 1557/794/1460 1469/640/1372 1489/668/1392
f 1508/703/1411 1541/848/1444 1584/847/1487 1507/602/1410
f 1509/705/1412 1586/850/1489 1585/849/1488 1510/706/1413
f 1520/723/1423 1608/851/1511 1586/850/1489 1509/705/1412
f 1511/708/1414 1590/853/1493 1587/852/1490 1522/711/1425
f 1522/711/1425 1587/852/1490 1588/854/1491 1523/727/1426
f 1510/855/1413 1585/858/1488 1589/857/1492 1513/856/1416
f 1512/712/1415 1580/860/1483 1590/859/1493 1511/713/1414
f 1502/861/1405 1594/863/1497 1592/862/1495
f 1502/624/1405 1592/864/1495 1591/696/1494
f 1593/865/1496 1594/867/1497 1502/866/1405
f 1593/868/1496 1502/734/1405 1524/731/1427
f 1718/869/1621 1683/870/1586 2049/870/855 2065/869/855
f 1597/871/1500 1644/873/1547 1596/872/1499 1488/667/1391
f 1584/874/1487 1599/877/1502 1528/876/1431 1507/875/1410
f 1599/878/1502 1646/879/1549 1598/743/1501 1528/742/1431
f 1600/880/1503 1602/881/1505 1533/749/1436 1531/748/1434
f 1601/882/1504 1600/883/1503 1531/753/1434 1532/750/1435
f 1602/881/1505 1604/884/1507 1534/754/1437 1533/749/1436
f 1534/754/1437 1604/884/1507 1603/885/1506 1537/755/1440
f 1535/886/1438 1607/888/1510 1605/887/1508 1536/758/1439
f 1605/887/1508 1614/889/1517 1540/761/1443 1536/758/1439
f 1537/755/1440 1603/885/1506 1606/890/1509 1521/724/1424
f 1538/730/1441 1609/891/1512 1607/888/1510 1535/886/1438
f 1521/724/1424 1606/890/1509 1608/851/1511 1520/723/1423
f 1523/727/1426 1588/854/1491 1609/891/1512 1538/730/1441
f 1574/823/1477 1622/892/1525 1567/807/1470 1468/638/1371
f 1556/844/1459 1576/894/1479 1610/893/1513 1226/845/1129
f 1164/124/1067 1163/125/1066 1960/125/1856 1961/124/1857
f 1611/895/1514 1612/896/1515 1519/720/1422 1518/719/1421
f 1612/897/1515 1635/898/1538 1539/722/1442
f 1612/897/1515 1539/722/1442 1519/721/1422
f 1504/899/1407 1529/901/1432 1613/900/1516
f 1613/900/1516 1546/903/1449 1506/902/1409 1504/899/1407
f 1614/889/1517 1615/905/1518 1542/904/1445 1540/761/1443
f 1542/772/1445 1615/906/1518 1541/773/1444
f 1616/907/1519 1618/908/1521 1550/632/1453 1503/694/1406
f 1503/695/1406 1591/696/1494 1616/909/1519
f 1552/910/1455 1645/913/1548 1558/912/1461 1551/911/1454
f 1598/914/1501 1646/915/1549 1613/900/1516 1529/901/1432
f 1553/916/1456 1559/919/1462 1617/918/1520 1530/917/1433
f 1463/819/1366 1465/631/1368 1550/632/1453 1575/822/1478
f 1618/920/1521 1620/825/1523 1575/824/1478 1550/921/1453
f 1446/922/1349 1596/924/1499 1619/923/1522 1443/777/1346
f 1443/777/1346 1619/923/1522 1543/776/1446
f 1621/925/1524 1622/892/1525 1574/823/1477 1620/825/1523
f 1623/926/1526 1611/895/1514 1518/719/1421 1527/739/1430
f 1545/670/1448 1624/928/1527 1583/927/1486 1489/795/1392
f 1547/929/1450 1626/932/1529 1624/931/1527 1545/930/1448
f 1625/933/1528 1626/934/1529 1547/785/1450 1546/782/1449
f 1617/935/1520 1628/936/1531 1455/747/1358 1530/744/1433
f 1455/610/1358 1628/938/1531 1627/937/1530 1601/770/1504
f 1629/939/1532 1595/940/1498 1364/459/1267
f 1629/939/1532 1364/459/1267 1610/941/1513
f 1576/942/1479 1631/945/1534 1630/944/1533 1610/943/1513
f 1610/941/1513 1632/946/1535 1629/939/1532
f 1610/943/1513 1630/944/1533 1633/947/1536
f 1765/948/1668 1812/949/1715 2099/949/1916 2081/948/1905
f 1634/950/1537 1645/951/1548 1552/768/1455 1539/765/1442
f 1635/898/1538 1706/953/1609 1634/952/1537 1539/722/1442
f 1591/954/1494 1641/957/1544 1618/956/1521 1616/955/1519
f 1636/958/1539 1640/961/1543 1554/960/1457 1561/959/1464
f 1637/962/1540 1636/965/1539 1561/964/1464 1562/963/1465
f 1563/800/1466 1639/967/1542 1638/966/1541 1565/802/1468
f 1459/616/1362 1681/968/1584 1639/967/1542
f 1459/616/1362 1639/967/1542 1563/800/1466
f 1544/545/1447 1682/970/1585 1460/969/1363
f 1544/971/1447 1460/582/1363 1416/579/1319
f 1641/972/1544 1621/925/1524 1620/825/1523
f 1641/972/1544 1620/825/1523 1618/920/1521
f 1642/973/1545 1643/974/1546 1543/776/1446 1619/923/1522
f 1619/975/1522 1596/872/1499 1642/976/1545
f 1644/873/1547 1691/977/1594 1642/976/1545 1596/872/1499
f 1568/978/1471 1649/981/1552 1647/980/1550 1572/979/1475
f 1648/982/1551 1649/981/1552 1568/978/1471 1569/983/1472
f 1564/804/1467 1651/985/1554 1650/984/1553 1573/814/1476
f 1650/984/1553 1679/986/1582 1570/813/1473 1573/814/1476
f 1572/987/1475 1647/990/1550 1637/989/1540 1562/988/1465
f 1565/802/1468 1638/966/1541 1651/985/1554 1564/804/1467
f 1652/991/1555 1623/926/1526 1527/739/1430 1557/794/1460
f 1645/913/1548 1653/993/1556 1560/992/1463 1558/912/1461
f 1653/994/1556 1617/918/1520 1559/919/1462 1560/995/1463
f 1654/996/1557 1656/997/1559 1541/848/1444 1615/905/1518
f 1541/848/1444 1656/997/1559 1655/998/1558 1584/847/1487
f 1657/999/1560 1658/1001/1561 1602/1000/1505 1600/883/1503
f 1601/882/1504 1627/1002/1530 1657/999/1560 1600/883/1503
f 1658/1001/1561 1659/1004/1562 1604/1003/1507 1602/1000/1505
f 1659/1004/1562 1663/1006/1566 1603/1005/1506 1604/1003/1507
f 1660/1007/1563 1661/1008/1564 1605/887/1508 1607/888/1510
f 1661/1008/1564 1683/870/1586 1614/889/1517 1605/887/1508
f 1603/1005/1506 1663/1006/1566 1662/1010/1565 1606/1009/1509
f 1609/891/1512 1665/1011/1568 1660/1007/1563 1607/888/1510
f 1662/1012/1565 1666/1015/1569 1608/1014/1511 1606/1013/1509
f 1664/1016/1567 1665/1011/1568 1609/891/1512 1588/854/1491
f 1666/1017/1569 1668/1020/1571 1586/1019/1489 1608/1018/1511
f 1667/1021/1570 1664/1016/1567 1588/854/1491 1587/852/1490
f 1668/1022/1571 1670/1025/1573 1585/1024/1488 1586/1023/1489
f 1669/1026/1572 1667/1021/1570 1587/852/1490 1590/853/1493
f 1670/1027/1573 1672/1028/1575 1589/857/1492 1585/858/1488
f 1671/1029/1574 1669/1026/1572 1590/853/1493 1580/837/1483
f 1672/1030/1575 1674/1031/1577 1578/830/1481 1589/831/1492
f 1673/1032/1576 1671/1029/1574 1580/837/1483 1579/834/1482
f 1674/1031/1577 1677/1033/1580 1577/829/1480 1578/830/1481
f 1675/1034/1578 1673/1032/1576 1579/834/1482 1582/835/1485
f 1577/841/1480 1677/1036/1580 1676/1035/1579 1581/840/1484
f 1571/816/1474 1678/1037/1581 1675/1034/1578 1582/835/1485
f 1581/1038/1484 1676/1041/1579 1648/1040/1551 1569/1039/1472
f 1570/813/1473 1679/986/1582 1678/1037/1581 1571/816/1474
f 1680/1042/1583 1681/968/1584 1459/616/1362
f 1680/1043/1583 1459/618/1362 1193/178/1096
f 1643/779/1546 1686/1044/1589 1682/970/1585 1544/545/1447
f 1546/903/1449 1613/900/1516 1625/1045/1528
f 1683/870/1586 1654/996/1557 1615/905/1518 1614/889/1517
f 1682/970/1585 1689/1047/1592 1684/1046/1587 1460/969/1363
f 1685/1048/1588 1635/1051/1538 1612/1050/1515 1611/1049/1514
f 1643/974/1546 1642/973/1545 1686/1052/1589
f 1687/1053/1590 1652/991/1555 1557/794/1460 1583/846/1486
f 1686/1054/1589 1642/1056/1545 1688/1055/1591
f 1686/1044/1589 1688/1057/1591 1682/970/1585
f 1682/970/1585 1688/1057/1591 1690/1058/1593 1689/1047/1592
f 1592/864/1495 1703/1059/1606 1641/972/1544
f 1592/1060/1495 1641/957/1544 1591/954/1494
f 1691/977/1594 1732/1062/1635 1692/1061/1595
f 1691/977/1594 1692/1061/1595 1642/976/1545
f 1642/976/1545 1692/1061/1595 1688/1057/1591
f 1655/138/1558 1693/1063/1596 1599/877/1502 1584/874/1487
f 1693/1064/1596 1694/1066/1597 1646/915/1549 1599/1065/1502
f 1583/927/1486 1624/928/1527 1687/1067/1590
f 1613/900/1516 1646/915/1549 1694/1066/1597
f 1613/900/1516 1697/1069/1600 1695/1068/1598 1625/1045/1528
f 1696/1070/1599 1697/1069/1600 1613/900/1516 1694/1066/1597
f 1698/1071/1601 1700/1072/1603 1193/173/1096 1189/172/1092
f 1193/178/1096 1700/1074/1603 1699/1073/1602 1680/1043/1583
f 1590/853/1493 1669/1026/1572 2044/1026/855 2028/853/855
f 1163/125/1066 1148/105/1051 1956/105/1853 1960/125/1856
f 1641/972/1544 1703/1059/1606 1702/1075/1605 1621/925/1524
f 1621/925/1524 1702/1075/1605 1704/1076/1607 1622/892/1525
f 1622/892/1525 1704/1076/1607 1567/807/1470
f 1705/1077/1608 1653/1078/1556 1645/951/1548 1634/950/1537
f 1707/1079/1610 1754/1081/1657 1705/1080/1608 1634/952/1537
f 1634/952/1537 1706/953/1609 1707/1079/1610
f 1663/1006/1566 1720/1083/1623 1708/1082/1611 1662/1010/1565
f 1708/1084/1611 1721/1085/1624 1666/1015/1569 1662/1012/1565
f 1665/1011/1568 1711/1087/1614 1709/1086/1612 1660/1007/1563
f 1710/1088/1613 1711/1087/1614 1665/1011/1568 1664/1016/1567
f 1712/1089/1615 1698/1092/1601 1189/1091/1092 1701/1090/1604
f 1713/1093/1616 1685/1094/1588 1611/895/1514 1623/926/1526
f 1695/1068/1598 1736/1096/1639 1626/1095/1529 1625/1045/1528
f 1628/1097/1531 1617/1098/1520 1653/1078/1556
f 1705/1080/1608 1714/1099/1617 1628/938/1531
f 1705/1077/1608 1628/1097/1531 1653/1078/1556
f 1628/938/1531 1714/1099/1617 1627/937/1530
f 1715/1100/1618 1716/1101/1619 1658/1001/1561 1657/999/1560
f 1627/1002/1530 1763/1102/1666 1715/1100/1618 1657/999/1560
f 1716/1101/1619 1719/1103/1622 1659/1004/1562 1658/1001/1561
f 1717/1104/1620 1718/869/1621 1683/870/1586 1661/1008/1564
f 1718/869/1621 1737/1105/1640 1654/996/1557 1683/870/1586
f 1719/1106/1622 1720/1109/1623 1663/1108/1566 1659/1107/1562
f 1709/1086/1612 1717/1104/1620 1661/1008/1564 1660/1007/1563
f 1721/1085/1624 1738/1110/1641 1668/1022/1571 1666/1015/1569
f 1722/1111/1625 1710/1088/1613 1664/1016/1567 1667/1021/1570
f 1723/1112/1626 1724/1113/1627 1672/1028/1575 1670/1027/1573
f 1724/1114/1627 1740/1117/1643 1674/1116/1577 1672/1115/1575
f 1725/1118/1628 1739/1119/1642 1669/1026/1572 1671/1029/1574
f 1726/1120/1629 1725/1118/1628 1671/1029/1574 1673/1032/1576
f 1649/981/1552 1747/1122/1650 1727/1121/1630 1647/980/1550
f 1647/990/1550 1727/1124/1630 1728/1123/1631 1637/989/1540
f 1651/985/1554 1730/1126/1633 1729/1125/1632 1650/984/1553
f 1638/966/1541 1748/1127/1651 1730/1126/1633 1651/985/1554
f 1728/1128/1631 1731/1129/1634 1636/965/1539 1637/962/1540
f 1731/1130/1634 1749/1131/1652 1640/961/1543 1636/958/1539
f 1681/968/1584 1748/1127/1651 1638/966/1541 1639/967/1542
f 1644/873/1547 1734/1132/1637 1732/1062/1635 1691/977/1594
f 1812/1133/1715 1767/1134/1670 2083/1134/855 2099/1133/1916
f 1629/939/1532 1733/1135/1636 1597/871/1500 1595/940/1498
f 1626/932/1529 1736/1137/1639 1735/1136/1638 1624/931/1527
f 1737/1105/1640 1752/1138/1655 1656/997/1559 1654/996/1557
f 1738/1110/1641 1723/1139/1626 1670/1025/1573 1668/1022/1571
f 1739/1119/1642 1722/1111/1625 1667/1021/1570 1669/1026/1572
f 1740/1117/1643 1743/1141/1646 1677/1140/1580 1674/1116/1577
f 1741/1142/1644 1726/1120/1629 1673/1032/1576 1675/1034/1578
f 1677/1036/1580 1743/1144/1646 1742/1143/1645 1676/1035/1579
f 1678/1037/1581 1745/1145/1648 1741/1142/1644 1675/1034/1578
f 1676/1041/1579 1742/1147/1645 1744/1146/1647 1648/1040/1551
f 1679/986/1582 1746/1148/1649 1745/1145/1648 1678/1037/1581
f 1744/1149/1647 1747/1122/1650 1649/981/1552 1648/982/1551
f 1716/1101/1619 1719/1103/1622 2066/1103/855 2064/1101/855
f 1635/1051/1538 1685/1048/1588 1750/1151/1653 1706/1150/1609
f 1624/928/1527 1735/1153/1638 1751/1152/1654 1687/1067/1590
f 1812/1133/1715 1811/1154/1714 2098/1154/1915 2099/1133/1916
f 1752/1138/1655 1655/998/1558 1656/997/1559
f 1753/1155/1656 1713/1158/1616 1623/1157/1526 1652/1156/1555
f 1705/1080/1608 1755/1159/1658 1714/1099/1617
f 1756/1160/1659 1755/1159/1658 1705/1080/1608
f 1756/1160/1659 1705/1080/1608 1754/1081/1657
f 1757/1161/1660 1696/1070/1599 1694/1066/1597 1693/1064/1596
f 1720/1083/1623 1775/1163/1678 1758/1162/1661 1708/1082/1611
f 1758/1164/1661 1776/1165/1679 1721/1085/1624 1708/1084/1611
f 1711/1087/1614 1761/1167/1664 1759/1166/1662 1709/1086/1612
f 1760/1168/1663 1761/1167/1664 1711/1087/1614 1710/1088/1613
f 1525/1169/1428 1594/867/1497 1593/865/1496 1524/1170/1427
f 1697/1069/1600 1794/1171/1697 1736/1096/1639 1695/1068/1598
f 1762/1172/1665 1764/1175/1667 1716/1174/1619 1715/1173/1618
f 1763/1102/1666 1810/1177/1713 1762/1176/1665 1715/1100/1618
f 1764/1175/1667 1767/1134/1670 1719/1106/1622 1716/1174/1619
f 1765/948/1668 1766/1178/1669 1718/869/1621 1717/1104/1620
f 1766/1178/1669 1773/1179/1676 1737/1105/1640 1718/869/1621
f 1767/1134/1670 1775/1180/1678 1720/1109/1623 1719/1106/1622
f 1759/1166/1662 1765/948/1668 1717/1104/1620 1709/1086/1612
f 1768/1181/1671 1838/1182/1740 1549/716/1452 1548/788/1451
f 1703/1059/1606 1771/1184/1674 1769/1183/1672 1702/1075/1605
f 1770/1185/1673 1771/1184/1674 1703/1059/1606 1592/864/1495
f 1702/1075/1605 1769/1183/1672 1772/1186/1675 1704/1076/1607
f 1751/1152/1654 1753/1188/1656 1652/1187/1555 1687/1067/1590
f 1655/138/1558 1796/137/1699 1757/1189/1660 1693/1063/1596
f 1570/813/1473 1492/812/1395 2011/812/855 2025/813/855
f 1773/1190/1676 1809/1192/1712 1774/1191/1677
f 1773/1190/1676 1774/1191/1677 1737/1193/1640
f 1774/1194/1677 1795/1195/1698 1752/1138/1655 1737/1105/1640
f 1776/1165/1679 1782/1196/1685 1738/1110/1641 1721/1085/1624
f 1777/1197/1680 1760/1168/1663 1710/1088/1613 1722/1111/1625
f 1723/1139/1626 1782/1196/1685 1778/1198/1681
f 1723/1112/1626 1778/1199/1681 1724/1113/1627
f 1779/1200/1682 1784/1201/1687 1740/1117/1643 1724/1114/1627
f 1724/1113/1627 1778/1199/1681 1779/1202/1682
f 1780/1203/1683 1783/1204/1686 1739/1119/1642 1725/1118/1628
f 1781/1205/1684 1780/1203/1683 1725/1118/1628 1726/1120/1629
f 1704/1076/1607 1772/1186/1675 1631/828/1534 1567/807/1470
f 1738/1110/1641 1782/1196/1685 1723/1139/1626
f 1783/1204/1686 1777/1197/1680 1722/1111/1625 1739/1119/1642
f 1784/1201/1687 1800/1206/1703 1743/1141/1646 1740/1117/1643
f 1785/1207/1688 1781/1205/1684 1726/1120/1629 1741/1142/1644
f 1743/1144/1646 1800/1209/1703 1786/1208/1689 1742/1143/1645
f 1742/1147/1645 1786/1211/1689 1787/1210/1690 1744/1146/1647
f 1745/1145/1648 1788/1212/1691 1785/1207/1688 1741/1142/1644
f 1746/1148/1649 1801/1213/1704 1788/1212/1691 1745/1145/1648
f 1747/1122/1650 1802/1215/1705 1789/1214/1692 1727/1121/1630
f 1727/1124/1630 1789/1217/1692 1790/1216/1693 1728/1123/1631
f 1730/1126/1633 1792/1219/1695 1791/1218/1694 1729/1125/1632
f 1748/1127/1651 1813/1220/1716 1792/1219/1695 1730/1126/1633
f 1706/1150/1609 1750/1151/1653 1793/1222/1696 1707/1221/1610
f 1696/1070/1599 1757/1161/1660 1794/1171/1697 1697/1069/1600
f 1851/1223/1753 1849/209/1751 2123/209/1930 2124/1223/1931
f 1775/1163/1678 1798/1225/1701 1797/1224/1700 1758/1162/1661
f 1797/1226/1700 1799/1227/1702 1776/1165/1679 1758/1164/1661
f 1761/1228/1664 1797/1224/1700 1798/1225/1701 1759/1229/1662
f 1761/1230/1664 1760/1231/1663 1799/1227/1702 1797/1226/1700
f 1787/1210/1690 1802/1233/1705 1747/1232/1650 1744/1146/1647
f 1791/1218/1694 1801/1213/1704 1746/1148/1649 1729/1125/1632
f 1790/1216/1693 1803/1234/1706 1731/1130/1634 1728/1123/1631
f 1803/1234/1706 1768/1235/1671 1749/1131/1652 1731/1130/1634
f 1804/1236/1707 1813/1220/1716 1748/1127/1651 1681/968/1584
f 1680/1237/1583 1835/1239/1737 1804/1238/1707
f 1680/1042/1583 1804/1236/1707 1681/968/1584
f 1811/1240/1714 1766/1178/1669 2082/1178/1906 2098/1240/1915
f 1805/1241/1708 1815/1243/1718 1806/1242/1709 1692/1061/1595
f 1806/1244/1709 1690/1246/1593 1688/1245/1591
f 1806/1244/1709 1688/1245/1591 1692/1247/1595
f 1807/1248/1710 1808/542/1711 1732/1062/1635 1734/1132/1637
f 1733/1135/1636 1817/266/1720 1807/1248/1710 1734/1132/1637
f 1809/1192/1712 1811/1250/1714 1764/1249/1667 1762/1176/1665
f 1810/1177/1713 1774/1191/1677 1809/1192/1712 1762/1176/1665
f 1811/1240/1714 1809/1251/1712 1773/1179/1676 1766/1178/1669
f 1811/1154/1714 1812/1133/1715 1767/1134/1670 1764/1175/1667
f 1763/1102/1666 1627/1002/1530 2035/1002/1886 2080/1102/1904
f 1798/1252/1701 1775/1180/1678 1767/1134/1670 1812/1133/1715
f 1765/948/1668 1759/1166/1662 1798/1253/1701 1812/949/1715
f 1814/243/1717 1816/543/1719 1808/542/1711 1807/1248/1710
f 1774/1191/1677 1810/1177/1713 2097/1177/1914 2085/1191/1907
f 1852/1254/1754 1844/1255/1746 2120/1255/1927 2125/1254/1932
f 1818/242/1721 1814/243/1717 1807/1248/1710 1817/266/1720
f 1819/1256/1722 1750/1151/1653 1685/1048/1588 1713/1158/1616
f 1736/1137/1639 1794/1258/1697 1820/1257/1723 1735/1136/1638
f 1821/1259/1724 1782/1196/1685 1776/1165/1679 1799/1227/1702
f 1760/1168/1663 1777/1197/1680 1821/1261/1724 1799/1260/1702
f 1822/1262/1725 1823/1263/1726 1779/1202/1682 1778/1199/1681
f 1766/1178/1669 1718/869/1621 2065/869/855 2082/1178/1906
f 1823/1263/1726 1822/1262/1725 1783/1265/1686 1780/1264/1683
f 1780/1203/1683 1781/1205/1684 1824/1267/1727 1823/1266/1726
f 1821/1259/1724 1822/1268/1725 1778/1198/1681 1782/1196/1685
f 1822/1268/1725 1821/1259/1724 1777/1270/1680 1783/1269/1686
f 1825/1271/1728 1819/1256/1722 1713/1158/1616 1753/1155/1656
f 1735/1153/1638 1826/1272/1729 1751/1152/1654
f 1820/1273/1723 1843/1274/1745 1826/1272/1729 1735/1153/1638
f 1824/1275/1727 1827/1276/1730 1800/1206/1703 1784/1201/1687
f 1827/1277/1730 1824/1267/1727 1781/1205/1684 1785/1207/1688
f 1800/1209/1703 1827/1279/1730 1828/1278/1731 1786/1208/1689
f 1786/1211/1689 1828/1281/1731 1829/1280/1732 1787/1210/1690
f 1788/1212/1691 1828/1282/1731 1827/1277/1730 1785/1207/1688
f 1801/1283/1704 1829/1280/1732 1828/1281/1731 1788/1284/1691
f 1802/1215/1705 1832/1286/1734 1830/1285/1731 1789/1214/1692
f 1831/1287/1733 1790/1216/1693 1789/1217/1692 1830/1288/1731
f 1792/1289/1695 1830/1285/1731 1832/1286/1734 1791/1290/1694
f 1813/1291/1716 1831/1287/1733 1830/1288/1731 1792/1292/1695
f 1629/939/1532 1632/946/1535 1817/266/1720 1733/1135/1636
f 1707/1221/1610 1793/1222/1696 1833/1294/1735 1754/1293/1657
f 1766/1178/1669 1765/948/1668 2081/948/1905 2082/1178/1906
f 1829/1280/1732 1832/1295/1734 1802/1233/1705 1787/1210/1690
f 1832/1296/1734 1829/1297/1732 1801/1213/1704 1791/1218/1694
f 1417/544/1320 1544/545/1447 2020/545/855 2001/544/1877
f 1826/1272/1729 1825/1298/1728 1753/1188/1656 1751/1152/1654
f 1796/1299/1699 1820/1257/1723 1794/1258/1697 1757/1300/1660
f 1831/1287/1733 1835/1239/1737 1803/1234/1706 1790/1216/1693
f 1835/1301/1737 1831/1302/1733 1813/1220/1716 1804/1236/1707
f 1835/1239/1737 1680/1237/1583 1768/1235/1671
f 1835/1239/1737 1768/1235/1671 1803/1234/1706
f 1684/1046/1587 1689/1047/1592 1701/1303/1604
f 1836/1304/1738 1701/1303/1604 1689/1047/1592 1690/1058/1593
f 1755/1305/1658 1842/1306/1744 1834/89/1736 1714/88/1617
f 1837/1307/1739 1838/1182/1740 1768/1181/1671 1680/1043/1583
f 1796/1308/1699 1840/1310/1742 1839/1309/1741 1820/1273/1723
f 1409/567/1312 1417/661/1320 2001/661/1877 1998/567/1876
f 1754/1293/1657 1833/1294/1735 1841/1312/1743 1756/1311/1659
f 1756/1313/1659 1841/1314/1743 1842/1306/1744 1755/1305/1658
f 1680/1043/1583 1699/1073/1602 1837/1307/1739
f 1820/1273/1723 1839/1309/1741 1844/1255/1746
f 1820/1273/1723 1844/1255/1746 1843/1274/1745
f 1627/937/1530 1714/1099/1617 2063/1099/1897 2035/937/1886
f 1845/1315/1747 1770/1185/1673 1592/864/1495 1594/1316/1497
f 1846/1317/1748 1793/1222/1696 1750/1151/1653 1819/1256/1722
f 1767/1134/1670 1719/1106/1622 2066/1106/855 2083/1134/855
f 1847/1318/1749 1846/1317/1748 1819/1256/1722 1825/1271/1728
f 1843/1274/1745 1847/1319/1749 1825/1298/1728 1826/1272/1729
f 1594/1320/1497 1525/735/1428 1845/1321/1747
f 1417/544/1320 1243/265/1146 1984/265/1871 2001/544/1877
f 1806/1244/1709 1836/1322/1738 1690/1246/1593
f 1848/1323/1750 1836/1304/1738 1806/1242/1709 1815/1243/1718
f 1588/854/1491 1664/1016/1567 2043/1016/855 2027/854/855
f 1850/1324/1752 1833/1294/1735 1793/1222/1696 1846/1317/1748
f 1844/1255/1746 1852/1254/1754 1847/1319/1749 1843/1274/1745
f 1908/1325/1810 1919/1326/1821 2150/1326/1956 2143/1325/1949
f 1846/1317/1748 1847/1318/1749 1852/1327/1754 1850/1324/1752
f 1853/1328/1755 1854/1331/1756 1769/1330/1672 1771/1329/1674
f 1771/1329/1674 1770/1332/1673 1853/1328/1755
f 1854/1331/1756 1855/1334/1757 1772/1333/1675 1769/1330/1672
f 1841/1314/1743 1856/1335/1758 1851/1223/1753 1842/1306/1744
f 1855/1336/1757 1630/1339/1533 1631/1338/1534 1772/1337/1675
f 1856/1340/1758 1841/1312/1743 1833/1294/1735 1850/1324/1752
f 1733/1135/1636 1817/266/1720 2104/266/1919 2072/1135/1900
f 1858/528/1760 1816/527/1719 1853/1341/1755
f 1858/268/1760 1853/1328/1755 1770/1332/1673
f 1845/1321/1747 1859/1342/1761 1858/268/1760 1770/1332/1673
f 1816/527/1719 1814/1344/1717 1854/1343/1756 1853/1341/1755
f 1818/1345/1721 1855/1336/1757 1854/1343/1756 1814/1344/1717
f 1567/807/1470 1566/805/1469 2023/805/855 2024/807/855
f 1633/1346/1536 1630/1339/1533 1855/1336/1757 1818/1345/1721
f 1850/1324/1752 1852/1327/1754 1857/1347/1759 1856/1340/1758
f 1858/268/1760 1859/1342/1761 1848/1348/1750 1815/269/1718
f 1856/1335/1758 1857/210/1759 1849/209/1751 1851/1223/1753
f 1860/1349/1762 1516/715/1419 1549/716/1452 1838/1182/1740
f 1836/1350/1738 1848/1348/1750 1861/1352/1763 1701/1351/1604
f 1919/1326/1821 1921/1353/1823 2154/1353/1960 2150/1326/1956
f 1525/735/1428 1862/1354/1764 1859/1342/1761 1845/1321/1747
f 1837/1307/1739 1864/1355/1766 1860/1349/1762 1838/1182/1740
f 1859/1342/1761 1862/1354/1764 1861/1352/1763 1848/1348/1750
f 1526/693/1429 1863/1356/1765 1862/1354/1764 1525/735/1428
f 1212/207/1115 1211/206/1114 1974/206/855 1975/207/855
f 1699/1073/1602 1882/1357/1784 1864/1355/1766
f 1699/1073/1602 1864/1355/1766 1837/1307/1739
f 1865/1358/1767 1868/1359/1770 1501/689/1404 1500/688/1403
f 1866/1360/1768 1865/1358/1767 1500/688/1403 1516/714/1419
f 1501/689/1404 1868/1359/1770 1867/1362/1769 1526/1361/1429
f 1869/1363/1771 1870/1364/1772 1516/715/1419 1860/1349/1762
f 1870/1365/1772 1876/1366/1778 1866/1360/1768 1516/714/1419
f 1871/1367/1773 1878/1370/1780 1863/1369/1765 1526/1368/1429
f 1526/1368/1429 1867/1371/1769 1871/1367/1773
f 1860/1349/1762 1864/1355/1766 1872/1372/1774 1869/1363/1771
f 1865/1358/1767 1874/1374/1776 1873/1373/1775 1868/1359/1770
f 1866/1360/1768 1877/1375/1779 1874/1374/1776 1865/1358/1767
f 1868/1359/1770 1873/1373/1775 1875/1376/1777 1867/1362/1769
f 1876/1366/1778 1881/1377/1783 1877/1375/1779 1866/1360/1768
f 1878/1370/1780 1888/1379/1790 1712/1378/1615 1863/1369/1765
f 1869/1363/1771 1880/1381/1782 1879/1380/1781 1870/1364/1772
f 1872/1372/1774 1890/1382/1792 1880/1381/1782 1869/1363/1771
f 1870/1364/1772 1879/1380/1781 1881/1384/1783 1876/1383/1778
f 1864/1355/1766 1882/1357/1784 1872/1372/1774
f 1867/1371/1769 1875/1385/1777 1883/116/1785 1871/1367/1773
f 1871/1367/1773 1883/116/1785 1884/115/1786 1878/1370/1780
f 1874/1374/1776 1886/1387/1788 1885/1386/1787 1873/1373/1775
f 1877/1375/1779 1891/1388/1793 1886/1387/1788 1874/1374/1776
f 1873/1373/1775 1885/1386/1787 1887/1389/1789 1875/1376/1777
f 1878/1370/1780 1884/115/1786 1889/1390/1791 1888/1379/1790
f 1882/1357/1784 1895/1391/1797 1890/1382/1792 1872/1372/1774
f 1881/1377/1783 1898/1392/1800 1891/1388/1793 1877/1375/1779
f 1700/1074/1603 1892/1393/1794 1882/1357/1784
f 1700/1394/1603 1882/1396/1784 1699/1395/1602
f 1888/1379/1790 1893/1398/1795 1698/1397/1601
f 1888/1399/1790 1698/1401/1601 1712/1400/1615
f 1698/1402/1601 1896/1405/1798 1892/1404/1794 1700/1403/1603
f 1888/1379/1790 1889/1390/1791 1894/1406/1796 1893/1398/1795
f 1892/1393/1794 1901/1407/1803 1895/1391/1797 1882/1357/1784
f 1698/1408/1601 1893/1410/1795 1896/1409/1798
f 1875/1376/1777 1887/1389/1789 1897/1412/1799 1883/1411/1785
f 1879/1380/1781 1899/1414/1801 1898/1413/1800 1881/1384/1783
f 1880/1381/1782 1900/1415/1802 1899/1414/1801 1879/1380/1781
f 1810/1177/1713 1763/1102/1666 2080/1102/1904 2097/1177/1914
f 1890/1382/1792 1904/1416/1806 1900/1415/1802 1880/1381/1782
f 1896/1417/1798 1905/1420/1807 1901/1419/1803 1892/1418/1794
f 1893/1398/1795 1894/1406/1796 1902/1421/1804
f 1205/204/1108 1212/207/1115 1975/207/855 1972/204/855
f 1842/1306/1744 1851/1223/1753 2124/1223/1931 2119/1306/1926
f 1895/1391/1797 1912/1422/1814 1904/1416/1806 1890/1382/1792
f 1210/202/1113 1204/201/1107 1971/201/855 1973/202/855
f 1886/1387/1788 1907/1424/1809 1906/1423/1808 1885/1386/1787
f 1891/1388/1793 1909/1425/1811 1907/1424/1809 1886/1387/1788
f 1885/1426/1787 1906/1428/1808 1908/1325/1810 1887/1427/1789
f 1898/1392/1800 1913/1429/1815 1909/1425/1811 1891/1388/1793
f 1894/1430/1796 1911/1433/1813 1910/1432/1812 1902/1431/1804
f 1157/113/1060 1159/145/1062 1959/145/1855 1958/113/1854
f 1889/1390/1791 1903/1435/1805 1911/1434/1813 1894/1406/1796
f 1901/1407/1803 1915/1436/1817 1912/1422/1814 1895/1391/1797
f 1899/1414/1801 1914/1438/1816 1913/1437/1815 1898/1413/1800
f 1900/1415/1802 1916/1439/1818 1914/1438/1816 1899/1414/1801
f 1905/1420/1807 1918/267/1820 1915/1440/1817 1901/1419/1803
f 1529/901/1432 1613/900/1516 2033/900/855 2017/901/855
f 1904/1416/1806 1917/1441/1819 1916/1439/1818 1900/1415/1802
f 1683/870/1586 1614/889/1517 2034/889/855 2049/870/855
f 1912/1422/1814 1920/1442/1822 1917/1441/1819 1904/1416/1806
f 1307/322/1210 1424/370/1327 2003/370/855 1990/322/855
f 1906/1428/1808 1921/1353/1823 1919/1326/1821 1908/1325/1810
f 1815/1243/1718 1805/1241/1708 2095/1241/1912 2102/1243/1917
f 1143/112/1046 1157/113/1060 1958/113/1854 1953/112/1850
f 1915/1440/1817 1925/245/1827 1920/1444/1822 1912/1443/1814
f 1661/1008/1564 1683/870/1586 2049/870/855 2042/1008/855
f 1907/1445/1809 1924/1446/1826 1921/1353/1823 1906/1428/1808
f 1913/1447/1815 1923/1450/1825 1922/1449/1824 1909/1448/1811
f 1914/1451/1816 1926/1452/1828 1923/1450/1825 1913/1447/1815
f 1909/1448/1811 1922/1449/1824 1924/1454/1826 1907/1453/1809
f 1918/267/1820 1931/244/1833 1925/245/1827 1915/1440/1817
f 1460/969/1363 1684/1046/1587 2050/1046/1893 2007/969/1880
f 1916/1455/1818 1927/1456/1829 1926/1452/1828 1914/1451/1816
f 1805/1241/1708 1692/1061/1595 2055/1061/1894 2095/1241/1912
f 1917/1457/1819 1928/1458/1830 1927/1456/1829 1916/1455/1818
f 1920/1459/1822 1930/1460/1832 1928/1458/1830 1917/1457/1819
f 1712/1089/1615 1701/1090/1604 2058/1090/1895 2062/1089/1896
f 1710/1088/1613 1711/1087/1614 2061/1087/855 2060/1088/855
f 1925/245/1827 1934/1462/1836 1930/1461/1832 1920/1444/1822
f 1926/1452/1828 1933/1463/1835 1922/1449/1824 1923/1450/1825
f 1710/1088/1613 1760/1168/1663 2079/1168/855 2060/1088/855
f 1732/1062/1635 1808/542/1711 2096/542/1913 2071/1062/1899
f 1932/1464/1834 1929/1465/1831 1921/1353/1823 1924/1446/1826
f 1933/1463/1835 1932/1466/1834 1924/1454/1826 1922/1449/1824
f 1927/1456/1829 1935/1467/1837 1933/1463/1835 1926/1452/1828
f 1925/245/1827 1931/244/1833 1934/1462/1836
f 1363/458/1266 1364/459/1267 1993/459/1874 1992/458/1873
f 1928/1458/1830 1936/1468/1838 1935/1467/1837 1927/1456/1829
f 1930/1460/1832 1934/1469/1836 1936/1468/1838 1928/1458/1830
f 1204/195/1107 1205/194/1108 1972/194/855 1971/195/855
f 1664/1016/1567 1710/1088/1613 2060/1088/855 2043/1016/855
f 1424/601/1327 1508/703/1411 2013/703/855 2003/601/855
f 1937/1470/1839 1936/1471/1838 1934/1462/1836 1931/244/1833
f 1364/459/1267 1226/233/1129 1980/233/1867 1993/459/1874
f 1935/1467/1837 1938/1472/1840 1932/1466/1834 1933/1463/1835
f 1936/1468/1838 1937/1473/1839 1938/1472/1840 1935/1467/1837
f 1711/1087/1614 1709/1086/1612 2059/1086/855 2061/1087/855
f 1180/153/1083 1749/1474/1652 1548/788/1451 1515/156/1418
f 1284/1475/1187 1180/1477/1083 1188/1476/1091
f 1284/1475/1187 1188/1476/1091 1192/1478/1095
f 1288/1479/1191 1306/1481/1209 1180/1480/1083
f 1288/1482/1191 1180/1484/1083 1284/1483/1187
f 1378/482/1281 1476/648/1379 1180/1485/1083
f 1378/482/1281 1180/1485/1083 1306/368/1209
f 1180/1486/1083 1476/1488/1379 1554/1487/1457
f 1640/1489/1543 1749/1490/1652 1180/1486/1083
f 1640/1489/1543 1180/1486/1083 1554/1487/1457
f 1768/1491/1671 1548/1493/1451 1749/1492/1652
f 1190/1494/1093 1200/1496/1103 1191/1495/1094
f 1940/23/1841 1943/44/1843 1944/51/1844 1941/25/1842
f 1945/45/1845 1949/1497/1847 1950/74/1848 1943/44/1843
f 1947/83/1846 1952/84/1849 1953/112/1850 1949/1498/1847
f 1949/1498/1847 1953/112/1850 1954/1500/1851 1950/1499/1848
f 1953/112/1850 1958/113/1854 1959/145/1855 1954/1500/1851
f 1955/1501/1852 1962/1502/1858 1960/125/1856 1956/105/1853
f 1954/1500/1851 1959/145/1855 1962/157/1858 1955/1503/1852
f 1962/1502/1858 1966/160/1859 1961/124/1857 1960/125/1856
f 1977/1504/1864 1970/187/1862 1969/182/1861 1976/46/1863
f 1982/230/1869 1977/1506/1864 1976/1505/1863 1979/229/1866
f 1981/241/1868 1985/1507/1872 1982/230/1869 1978/220/1865
f 1983/1508/1870 1984/265/1871 1970/262/1862
f 1983/1509/1870 1970/187/1862 1977/1504/1864
f 1985/1507/1872 1983/1508/1870 1977/1506/1864 1982/230/1869
f 1997/531/1875 1998/1510/1876 1985/1507/1872
f 1997/531/1875 1985/1507/1872 1981/241/1868
f 1998/1510/1876 1984/265/1871 1983/1508/1870
f 1998/1510/1876 1983/1508/1870 1985/1507/1872
f 1984/265/1871 1998/1510/1876 2001/544/1877
f 1993/459/1874 2029/940/1883 2002/554/1878
f 1993/459/1874 2002/554/1878 1992/458/1873
f 2006/581/1879 2008/1512/1881 1967/1511/1860
f 2007/969/1880 2050/1046/1893 2008/1513/1881
f 2007/582/1880 2008/1512/1881 2006/581/1879
f 2029/940/1883 2030/871/1884 2010/667/1882 2002/554/1878
f 1980/233/1867 2032/941/1885 1993/459/1874
f 2032/941/1885 2037/1514/1888 2036/946/1887
f 2008/1515/1881 2050/1517/1893 2058/1516/1895
f 2008/1518/1881 2058/1520/1895 1967/1519/1860
f 2072/1135/1900 2073/1132/1901 2039/873/1889 2030/871/1884
f 2070/1125/1898 2076/1148/1902 2046/986/1892 2040/984/1890
f 2078/1138/1903 2092/1195/1910 2041/998/1891
f 2063/88/1897 2112/89/1922 2080/1102/1904 2035/1002/1886
f 2092/1195/1910 2116/1521/1924 2093/1308/1911 2041/998/1891
f 2071/1062/1899 2096/542/1913 2095/1241/1912 2055/1061/1894
f 2099/949/1916 2098/1240/1915 2082/1178/1906 2081/948/1905
f 2096/542/1913 2102/1243/1917 2095/1241/1912
f 2103/543/1918 2128/1522/1934 2102/1243/1917 2096/542/1913
f 2106/1523/1909 2107/1275/1921 2090/1201/1909 2088/1200/1908
f 2112/89/1922 2122/1524/1929 2097/1177/1914 2080/1102/1904
f 2037/1514/1888 2105/242/1920 2104/266/1919 2036/946/1887
f 2093/1308/1911 2116/1521/1924 2117/1310/1925
f 2121/1525/1928 2116/1521/1924 2092/1195/1910 2085/1194/1907
f 2122/1524/1929 2121/1526/1928 2085/1191/1907 2097/1177/1914
f 2119/1306/1926 2124/1223/1931 2122/1524/1929 2112/89/1922
f 2116/1521/1924 2121/1525/1928 2123/1527/1930 2117/1310/1925
f 2124/1223/1931 2123/209/1930 2121/1526/1928 2122/1524/1929
f 2117/1310/1925 2123/1527/1930 2127/1528/1933 2115/1309/1923
f 2115/1309/1923 2127/1528/1933 2125/1254/1932 2120/1255/1927
f 2058/1090/1895 2129/1529/1935 2062/1089/1896
f 2131/1356/1937 2062/1530/1896 2129/1352/1935 2130/1354/1936
f 2132/116/1938 2138/1532/1944 2139/1531/1945 2133/115/1939
f 2136/1398/1942 2140/1421/1946 2137/1533/1943
f 2133/115/1939 2139/1531/1945 2141/1435/1947 2135/1390/1941
f 2140/1431/1946 2144/1432/1950 2142/1420/1948 2137/1417/1943
f 2134/1427/1940 2143/1325/1949 2145/1535/1951 2138/1534/1944
f 2138/1534/1944 2145/1535/1951 2147/1537/1953 2139/1536/1945
f 2139/1536/1945 2147/1537/1953 2148/1539/1954 2141/1538/1947
f 2144/1432/1950 2153/1540/1959 2149/267/1955 2142/1420/1948
f 2143/1325/1949 2150/1326/1956 2151/1541/1957 2145/1535/1951
f 2141/1542/1947 2148/1544/1954 2152/1543/1958 2146/1433/1952
f 2146/1433/1952 2152/1543/1958 2153/1540/1959 2144/1432/1950
f 2145/1535/1951 2151/1541/1957 2156/1545/1961 2147/1537/1953
f 2147/1537/1953 2156/1545/1961 2157/1546/1962 2148/1539/1954
f 2158/1465/1963 2151/1541/1957 2150/1326/1956 2154/1353/1960
f 2148/1544/1954 2157/1548/1962 2159/1547/1964 2152/1543/1958
f 2153/1540/1959 2161/1549/1966 2160/244/1965 2149/267/1955
f 2152/1543/1958 2159/1547/1964 2161/1549/1966 2153/1540/1959
f 2151/1541/1957 2158/1465/1963 2163/1550/1968 2156/1545/1961
f 2157/1548/1962 2164/1551/1969 2161/1549/1966 2159/1547/1964
f 2156/1545/1961 2163/1550/1968 2164/1552/1969 2157/1546/1962
f 2164/1551/1969 2165/1470/1970 2160/244/1965 2161/1549/1966
f 2166/1553/1971 2163/1550/1968 2158/1465/1963 2162/1464/1967
f 2163/1550/1968 2166/1553/1971 2165/1554/1970 2164/1552/1969
f 1232/230/1135 1220/220/1123 1978/220/1865 1982/230/1869
f 1223/229/1126 1232/230/1135 1982/230/1869 1979/229/1866
f 1818/1345/1721 1855/1336/1757 2126/1336/855 2105/1345/1920
f 1499/832/1402 1582/835/1485 2026/835/855 2012/832/855
f 1857/1347/1759 1852/1327/1754 2125/1327/1932 2127/1347/1933
f 1779/1202/1682 1823/1263/1726 2106/1263/1909 2088/1202/1908
f 1921/1353/1823 1929/1465/1831 2158/1465/1963 2154/1353/1960
f 1795/1195/1698 1774/1194/1677 2085/1194/1907 2092/1195/1910
f 1165/157/1068 1181/158/1084 1966/158/1859 1962/157/1858
f 1823/1266/1726 1824/1267/1727 2107/1267/1921 2106/1266/1909
f 1680/1042/1583 1681/968/1584 2048/968/855 2047/1042/855
f 1181/160/1084 1164/124/1067 1961/124/1857 1966/160/1859
f 1824/1275/1727 1784/1201/1687 2090/1201/1909 2107/1275/1921
f 1889/1390/1791 1884/115/1786 2133/115/1939 2135/1390/1941
f 1193/178/1096 1680/1043/1583 2047/1043/855 1968/178/855
f 1643/779/1546 1686/1044/1589 2051/1044/855 2038/779/855
f 1364/459/1267 1595/940/1498 2029/940/1883 1993/459/1874
f 1632/946/1535 1610/941/1513 2032/941/1885 2036/946/1887
f 1777/1197/1680 1760/1168/1663 2079/1168/855 2087/1197/855
f 1781/1205/1684 1824/1267/1727 2107/1267/1921 2089/1205/855
f 1610/943/1513 1633/947/1536 2037/947/1888 2032/943/1885
f 1735/1153/1638 1826/1272/1729 2109/1272/855 2074/1153/855
f 1650/984/1553 1729/1125/1632 2070/1125/1898 2040/984/1890
f 1784/1201/1687 1779/1200/1682 2088/1200/1908 2090/1201/1909
f 1929/1465/1831 1932/1464/1834 2162/1464/1967 2158/1465/1963
f 1220/220/1123 1231/241/1134 1981/241/1868 1978/220/1865
f 1129/64/1032 1109/40/1012 1942/40/855 1948/64/855
f 1688/1055/1591 1686/1054/1589 2051/1054/855 2053/1055/855
f 1681/968/1584 1748/1127/1651 2077/1127/855 2048/968/855
f 1131/70/1034 1127/62/1030 1947/62/1846 1949/70/1847
f 1734/1132/1637 1644/873/1547 2039/873/1889 2073/1132/1901
f 1688/1057/1591 1690/1058/1593 2054/1058/855 2053/1057/855
f 1117/50/1020 1131/70/1034 1949/70/1847 1945/50/1845
f 1734/1132/1637 1732/1062/1635 2071/1062/1899 2073/1132/1901
f 1307/322/1210 1275/307/1178 1988/307/855 1990/322/855
f 1597/871/1500 1733/1135/1636 2072/1135/1900 2030/871/1884
f 1132/74/1035 1113/44/1016 1943/44/1843 1950/74/1848
f 1896/1409/1798 1893/1410/1795 2136/1410/1942 2137/1409/1943
f 1733/1135/1636 1734/1132/1637 2073/1132/1901 2072/1135/1900
f 1801/1283/1704 1829/1280/1732 2110/1280/855 2094/1283/855
f 1588/854/1491 1523/727/1426 2015/727/855 2027/854/855
f 1897/1412/1799 1887/1389/1789 2134/1389/1940 2138/1412/1944
f 1883/1411/1785 1897/1412/1799 2138/1412/1944 2132/1411/1938
f 1492/659/1395 1415/525/1318 2000/525/855 2011/659/855
f 1118/49/1021 1135/75/1038 1951/75/855 1946/49/855
f 1692/1061/1595 1732/1062/1635 2071/1062/1899 2055/1061/1894
f 1442/581/1345 1460/582/1363 2007/582/1880 2006/581/1879
f 1460/969/1363 1544/545/1447 2020/545/855 2007/969/1880
f 1937/1470/1839 1931/244/1833 2160/244/1965 2165/1470/1970
f 1692/1061/1595 1688/1057/1591 2053/1057/855 2055/1061/1894
f 1189/585/1092 1442/583/1345 2006/583/1879 1967/585/1860
f 1488/667/1391 1421/554/1324 2002/554/1878 2010/667/1882
f 1932/1466/1834 1938/1472/1840 2166/1472/1971 2162/1466/1967
f 1817/266/1720 1632/946/1535 2036/946/1887 2104/266/1919
f 1746/1148/1649 1801/1213/1704 2094/1213/855 2076/1148/1902
f 1365/461/1268 1545/670/1448 2021/670/855 1994/461/855
f 1938/1472/1840 1937/1473/1839 2165/1473/1970 2166/1472/1971
f 1595/940/1498 1597/871/1500 2030/871/1884 2029/940/1883
f 1905/1420/1807 1896/1417/1798 2137/1417/1943 2142/1420/1948
f 1801/1213/1704 1788/1212/1691 2091/1212/855 2094/1213/855
f 1597/871/1500 1488/667/1391 2010/667/1882 2030/871/1884
f 1694/1066/1597 1613/900/1516 2033/900/855 2056/1066/855
f 1644/873/1547 1597/871/1500 2030/871/1884 2039/873/1889
f 1893/1398/1795 1902/1421/1804 2140/1421/1946 2136/1398/1942
f 1541/773/1444 1508/704/1411 2013/704/855 2019/773/855
f 1243/265/1146 1199/262/1102 1970/262/1862 1984/265/1871
f 1829/1280/1732 1832/1295/1734 2111/1295/855 2110/1280/855
f 1633/1346/1536 1818/1345/1721 2105/1345/1920 2037/1346/1888
f 1181/160/1084 1189/172/1092 1967/172/1860 1966/160/1859
f 1127/83/1030 1141/84/1044 1952/84/1849 1947/83/1846
f 1826/1272/1729 1825/1298/1728 2108/1298/855 2109/1272/855
f 1903/1435/1805 1889/1390/1791 2135/1390/1941 2141/1435/1947
f 1643/779/1546 1544/545/1447 2020/545/855 2038/779/855
f 1189/172/1092 1193/173/1096 1968/173/855 1967/172/1860
f 1746/1148/1649 1679/986/1582 2046/986/1892 2076/1148/1902
f 1141/84/1044 1143/112/1046 1953/112/1850 1952/84/1849
f 1748/1127/1651 1813/1220/1716 2100/1220/855 2077/1127/855
f 1902/1431/1804 1910/1432/1812 2144/1432/1950 2140/1431/1946
f 1729/1125/1632 1746/1148/1649 2076/1148/1902 2070/1125/1898
f 1679/986/1582 1650/984/1553 2040/984/1890 2046/986/1892
f 1690/1058/1593 1836/1304/1738 2113/1304/855 2054/1058/855
f 1684/1046/1587 1701/1303/1604 2058/1303/1895 2050/1046/1893
f 1145/97/1048 1132/74/1035 1950/74/1848 1954/97/1851
f 1679/986/1582 1570/813/1473 2025/813/855 2046/986/1892
f 1836/1304/1738 1701/1303/1604 2058/1303/1895 2113/1304/855
f 1701/1090/1604 1189/1091/1092 1967/1091/1860 2058/1090/1895
f 1655/998/1558 1752/1138/1655 2078/1138/1903 2041/998/1891
f 1701/1351/1604 1861/1352/1763 2129/1352/1935 2058/1351/1895
f 1834/89/1736 1842/1306/1744 2119/1306/1926 2112/89/1922
f 1535/886/1438 1607/888/1510 2031/888/855 2018/886/855
f 1752/1138/1655 1795/1195/1698 2092/1195/1910 2078/1138/1903
f 1147/96/1050 1145/97/1048 1954/97/1851 1955/96/1852
f 1680/1043/1583 1837/1307/1739 2114/1307/855 2047/1043/855
f 1887/1427/1789 1908/1325/1810 2143/1325/1949 2134/1427/1940
f 1407/524/1310 1415/525/1318 2000/525/855 1996/524/855
f 1148/98/1051 1147/96/1050 1955/96/1852 1956/98/1853
f 1840/1310/1742 1796/1308/1699 2093/1308/1911 2117/1310/1925
f 1148/98/1051 1135/75/1038 1951/75/855 1956/98/1853
f 1839/1309/1741 1840/1310/1742 2117/1310/1925 2115/1309/1923
f 1910/1432/1812 1911/1433/1813 2146/1433/1952 2144/1432/1950
f 1861/1352/1763 1862/1354/1764 2130/1354/1936 2129/1352/1935
f 1199/187/1102 1198/182/1101 1969/182/1861 1970/187/1862
f 1408/566/1311 1409/567/1312 1998/567/1876 1997/566/1875
f 1526/693/1429 1863/1356/1765 2131/1356/1937 2016/693/855
f 1862/1354/1764 1863/1356/1765 2131/1356/1937 2130/1354/1936
f 1231/241/1134 1408/531/1311 1997/531/1875 1981/241/1868
f 1911/1434/1813 1903/1435/1805 2141/1435/1947 2146/1434/1952
f 1863/1369/1765 1712/1378/1615 2062/1378/1896 2131/1369/1937
f 1150/91/1053 1129/69/1032 1948/69/855 1957/91/855
f 1841/1314/1743 1842/1306/1744 2119/1306/1926 2118/1314/855
f 1844/1255/1746 1839/1309/1741 2115/1309/1923 2120/1255/1927
f 1198/182/1101 1214/46/1117 1976/46/1863 1969/182/1861
f 1411/530/1314 1231/241/1134 1981/241/1868 1999/530/855
f 1098/25/1001 1097/23/1000 1940/23/1841 1941/25/1842
f 1226/845/1129 1610/893/1513 2032/893/1885 1980/845/1867
f 1098/25/1001 1090/14/993 1939/14/855 1941/25/1842
f 1610/941/1513 1364/459/1267 1993/459/1874 2032/941/1885
f 1918/267/1820 1905/1420/1807 2142/1420/1948 2149/267/1955
f 1776/1165/1679 1721/1085/1624 2067/1085/855 2086/1165/855
f 930/703/855 920/601/855 2003/601/855 2013/703/855
f 1031/1307/855 964/1043/855 2047/1043/855 2114/1307/855
f 929/832/855 416/832/416 1499/832/1402 2012/832/855
f 885/173/855 884/172/875 1967/172/1860 1968/173/855
f 193/1555/193 906/1555/855 1989/1555/855 1276/1555/1179
f 930/704/855 936/773/855 2019/773/855 2013/704/855
f 604/1555/604 969/1555/855 2052/1555/855 1687/1555/1590
f 462/670/462 938/670/855 2021/670/855 1545/670/1448
f 937/545/855 955/779/855 2038/779/855 2020/545/855
f 183/1555/183 904/1555/855 1987/1555/855 1266/1555/1169
f 984/1085/855 1003/1165/855 2086/1165/855 2067/1085/855
f 626/1086/626 976/1086/855 2059/1086/855 1709/1086/1612
f 911/461/855 282/461/282 1365/461/1268 1994/461/855
f 940/805/855 941/807/855 2024/807/855 2023/805/855
f 889/194/855 888/195/855 1971/195/855 1972/194/855
f 394/1555/394 926/1555/855 2009/1555/855 1477/1555/1380
f 996/1168/855 977/1088/855 2060/1088/855 2079/1168/855
f 928/812/855 942/813/855 2025/813/855 2011/812/855
f 1036/1306/941 1035/1314/855 2118/1314/855 2119/1306/1926
f 888/201/855 890/202/855 1973/202/855 1971/201/855
f 658/1555/658 992/1555/855 2075/1555/855 1741/1555/1644
f 705/1212/705 1008/1212/855 2091/1212/855 1788/1212/1691
f 943/835/855 929/832/855 2012/832/855 2026/835/855
f 892/207/855 889/204/855 1972/204/855 1975/207/855
f 983/1106/855 1000/1134/855 2083/1134/855 2066/1106/855
f 973/1066/855 611/1066/611 1694/1066/1597 2056/1066/855
f 932/727/855 944/854/855 2027/854/855 2015/727/855
f 891/206/855 892/207/855 1975/207/855 1974/206/855
f 982/869/855 999/1178/921 2082/1178/1906 2065/869/855
f 1072/245/855 1077/244/980 2160/244/1965 2155/245/855
f 936/773/855 458/773/458 1541/773/1444 2019/773/855
f 895/220/880 891/206/855 1974/206/855 1978/220/1865
f 941/807/855 484/807/484 1567/807/1470 2024/807/855
f 749/1295/748 1028/1295/855 2111/1295/855 1832/1295/1734
f 948/888/855 935/886/855 2018/886/855 2031/888/855
f 742/1298/742 1025/1298/855 2108/1298/855 1825/1298/1728
f 996/1168/855 1004/1197/855 2087/1197/855 2079/1168/855
f 950/900/855 934/901/855 2017/901/855 2033/900/855
f 890/202/855 127/202/127 1210/202/1113 1973/202/855
f 586/1026/586 961/1026/855 2044/1026/855 1669/1026/1572
f 1011/1213/855 993/1148/917 2076/1148/1902 2094/1213/855
f 730/1220/730 1017/1220/855 2100/1220/855 1813/1220/1716
f 1008/1212/855 1011/1213/855 2094/1213/855 2091/1212/855
f 483/805/483 940/805/855 2023/805/855 1566/805/1469
f 1017/1220/855 994/1127/855 2077/1127/855 2100/1220/855
f 981/1101/855 633/1101/633 1716/1101/1619 2064/1101/855
f 856/14/855 858/25/857 1941/25/1842 1939/14/855
f 937/545/855 924/969/895 2007/969/1880 2020/545/855
f 1043/1336/855 1022/1345/935 2105/1345/1920 2126/1336/855
f 1004/1197/855 694/1197/694 1777/1197/1680 2087/1197/855
f 1006/1205/855 698/1205/698 1781/1205/1684 2089/1205/855
f 942/813/855 963/986/907 2046/986/1892 2025/813/855
f 966/870/855 959/1008/855 2042/1008/855 2049/870/855
f 524/888/524 948/888/855 2031/888/855 1607/888/1510
f 951/889/855 966/870/855 2049/870/855 2034/889/855
f 991/1153/855 652/1153/652 1735/1153/1638 2074/1153/855
f 863/49/855 861/51/859 1944/51/1844 1946/49/855
f 935/886/855 452/886/452 1535/886/1438 2018/886/855
f 960/1016/855 944/854/855 2027/854/855 2043/1016/855
f 1048/1356/952 933/693/855 2016/693/855 2131/1356/1937
f 905/307/855 907/322/855 1990/322/855 1988/307/855
f 859/40/855 865/64/855 1948/64/855 1942/40/855
f 961/1026/855 945/853/855 2028/853/855 2044/1026/855
f 920/370/855 907/322/855 1990/322/855 2003/370/855
f 1021/266/934 989/1135/915 2072/1135/1900 2104/266/1919
f 754/1307/753 1031/1307/855 2114/1307/855 1837/1307/1739
f 965/968/855 964/1042/855 2047/1042/855 2048/968/855
f 913/524/855 324/524/324 1407/524/1310 1996/524/855
f 964/1043/855 885/178/855 1968/178/855 2047/1043/855
f 968/1044/855 955/779/855 2038/779/855 2051/1044/855
f 26/40/26 859/40/855 1942/40/855 1109/40/1012
f 917/525/855 913/524/855 1996/524/855 2000/525/855
f 934/901/855 446/901/446 1529/901/1432 2017/901/855
f 968/1054/855 970/1055/855 2053/1055/855 2051/1054/855
f 1000/1134/855 1016/1133/931 2099/1133/1916 2083/1134/855
f 868/75/855 863/49/855 1946/49/855 1951/75/855
f 971/1058/855 970/1057/855 2053/1057/855 2054/1058/855
f 1020/543/933 1018/243/855 2101/243/855 2103/543/1918
f 970/1057/855 972/1061/909 2055/1061/1894 2053/1057/855
f 950/900/855 973/1066/855 2056/1066/855 2033/900/855
f 933/693/855 443/693/443 1526/693/1429 2016/693/855
f 898/241/883 916/530/855 1999/530/855 1981/241/1868
f 1035/1314/855 758/1314/757 1841/1314/1743 2118/1314/855
f 916/530/855 328/530/328 1411/530/1314 1999/530/855
f 976/1086/855 978/1087/855 2061/1087/855 2059/1086/855
f 192/307/192 905/307/855 1988/307/855 1275/307/1178
f 1018/243/855 1022/242/935 2105/242/1920 2101/243/855
f 868/75/855 873/98/868 1956/98/1853 1951/75/855
f 842/245/841 1072/245/855 2155/245/855 1925/245/1827
f 7/14/7 856/14/855 1939/14/855 1090/14/993
f 977/1088/855 960/1016/855 2043/1016/855 2060/1088/855
f 937/545/855 918/544/892 2001/544/1877 2020/545/855
f 865/69/855 874/91/855 1957/91/855 1948/69/855
f 638/1085/638 984/1085/855 2067/1085/855 1721/1085/1624
f 978/1087/855 977/1088/855 2060/1088/855 2061/1087/855
f 531/889/531 951/889/855 2034/889/855 1614/889/1517
f 1003/1165/855 693/1165/693 1776/1165/1679 2086/1165/855
f 343/1555/343 921/1555/855 2004/1555/855 1426/1555/1329
f 1024/1267/936 1006/1205/855 2089/1205/855 2107/1267/1921
f 175/1555/175 903/1555/855 1986/1555/855 1258/1555/1161
f 1026/1272/855 991/1153/855 2074/1153/855 2109/1272/855
f 355/1555/355 922/1555/855 2005/1555/855 1438/1555/1341
f 983/1103/855 981/1101/855 2064/1101/855 2066/1103/855
f 1027/1280/855 1011/1283/855 2094/1283/855 2110/1280/855
f 94/1555/94 882/1555/855 1965/1555/855 1177/1555/1080
f 966/870/855 982/869/855 2065/869/855 2049/870/855
f 440/727/440 932/727/855 2015/727/855 1523/727/1426
f 640/1555/640 985/1555/855 2068/1555/855 1723/1555/1626
f 429/1555/429 931/1555/855 2014/1555/855 1512/1555/1415
f 994/1127/855 965/968/855 2048/968/855 2077/1127/855
f 945/853/855 507/853/507 1590/853/1493 2028/853/855
f 482/1555/482 939/1555/855 2022/1555/855 1565/1555/1468
f 1028/1295/855 1027/1280/855 2110/1280/855 2111/1295/855
f 880/71/855 878/124/872 1961/124/1857 1963/71/855
f 88/72/88 881/72/855 1964/72/855 1171/72/1074
f 231/1555/231 908/1555/855 1991/1555/855 1314/1555/1217
f 988/1062/914 990/1132/916 2073/1132/1901 2071/1062/1899
f 874/91/855 880/71/855 1963/71/855 1957/91/855
f 642/1555/642 986/1555/855 2069/1555/855 1725/1555/1628
f 1025/1298/855 1026/1272/855 2109/1272/855 2108/1298/855
f 881/72/855 880/71/855 1963/71/855 1964/72/855
f 590/1555/590 962/1555/855 2045/1555/855 1673/1555/1576
f 917/525/855 928/659/855 2011/659/855 2000/525/855
f 1030/1304/855 971/1058/855 2054/1058/855 2113/1304/855
f 612/1555/612 974/1555/855 2057/1555/855 1695/1555/1598
f 975/1303/910 1030/1304/855 2113/1304/855 2058/1303/1895
f 959/1008/855 578/1008/578 1661/1008/1564 2042/1008/855
f 772/1336/771 1043/1336/855 2126/1336/855 1855/1336/1757
f 319/1555/319 912/1555/855 1995/1555/855 1402/1555/1305
f 938/670/855 911/461/855 1994/461/855 2021/670/855
f 499/835/499 943/835/855 2026/835/855 1582/835/1485
f 884/172/875 883/160/874 1966/160/1859 1967/172/1860
f 688/1555/688 1001/1555/855 2084/1555/855 1771/1555/1674
